gap_id,gap_category,gap_type,coverage_priority,description,kenya_context,who_essential_services,coverage_analysis,clinical_integration,interventions,implementation,detection_method,analysis_type,pdf_page_sources,validation_ready,discovered_at,run_number,unique_id
COVERAGE_SERVICE_1,service_category,preventive_service_availability,HIGH,Inadequate reach of routine immunization services in hard-to-reach and arid counties resulting in pockets of low vaccine coverage and high dropout rates (including continuity of cold chain and outreach microplanning).,"{'service_delivery_platform': 'Level 1 (community outreach), Level 2-3 (dispensaries, health centres)', 'population_impact': 'Infants and young children in arid/rural counties, nomadic populations, and urban informal settlements', 'geographic_scope': 'Northern arid counties (Marsabit, Turkana, Mandera), select informal settlements in Nairobi and Mombasa', 'current_coverage_level': 'Estimated national average 80%+ for core vaccines; affected pockets 40–65%'}","Preventive services (immunization, outreach)","{'service_availability': 'Limited', 'geographic_accessibility': 'Poor', 'financial_accessibility': 'Affordable (no user fees) but indirect costs high', 'quality_adequacy': 'Suboptimal (cold chain interruptions, incomplete records)'}","Complements child health clinical gaps (acute respiratory infections, malnutrition) by targeting prevention and early protection rather than clinical treatment.","{'immediate_coverage_expansion': ['Targeted outreach microplans with mobile clinics for high-risk sub-counties', 'Strengthen cold chain with solar vaccine refrigerators and contingency stocks', 'Rapid catch-up campaigns in identified low-coverage wards'], 'service_integration_opportunities': ['Integrate growth monitoring, nutrition screening and WASH messaging during immunization outreach', 'Link CHVs to defaulter tracing and immunization data reporting'], 'infrastructure_requirements': ['Solar cold chain units at Level 2-3 facilities', 'Transport (motorbikes/boats) for outreach teams', 'Digital immunization registry access at facility and CHV level']}","{'county_integration': 'County EPI microplanning, allocate outreach budgets, coordinate with ASAL (arid) county health teams and community leaders.', 'funding_mechanisms': 'PHC Fund for outreach operations; targeted SHIF performance payments tied to coverage improvements; donor bridging funds for cold chain capital spend.', 'timeline_realistic': '6–18 months (rapid scale-up of outreach and cold chain; full coverage improvement 18–36 months)'}",ai_coverage_analysis,comprehensive_coverage,"['Pages 1-18 (Policy Structure)', 'Pages 19-54 (Annex Procedures)']",True,2025-08-27T19:50:34.553423,2,GAP_008
COVERAGE_SERVICE_2,service_category,screening_service_coverage,HIGH,"Limited systematic screening for hypertension, diabetes and cervical pre-cancer at primary care, resulting in late diagnosis and increased burden on secondary/tertiary services.","{'service_delivery_platform': 'Level 2-3 primary care; referral linkage to Level 4', 'population_impact': 'Adults (30+), especially low-income urban and rural populations with limited access to routine care', 'geographic_scope': 'Nationwide, with lower screening penetration in rural and informal urban settlements', 'current_coverage_level': 'Estimated screening coverage for hypertension/diabetes at PHC: 25–40%'}",Preventive services (NCD screening and early detection),"{'service_availability': 'Limited', 'geographic_accessibility': 'Limited in rural/remote areas', 'financial_accessibility': 'Often affordable but indirect costs and user fees for diagnostics vary', 'quality_adequacy': 'Suboptimal (inconsistent equipment, limited training)'}",Relates to NCD clinical burden but differs by focusing on early detection services and PHC-level capacity rather than tertiary treatment.,"{'immediate_coverage_expansion': ['Provision of validated BP machines and glucometers to Level 2-3 facilities', 'Task-shifting protocols for nurse-led screening and treatment initiation', 'Community screening days led by CHVs with referral pathways'], 'service_integration_opportunities': ['Integrate screening into existing maternal and child health contacts and outpatient visits', 'Link screening with health education and referral coordination within PHC'], 'infrastructure_requirements': ['Basic diagnostic kits and supplies at PHC', 'Training and supervision modules', 'Data capture tools for screening and follow-up']}","{'county_integration': 'County NCD plans to include PHC screening KPIs; embed screening in routine PHC performance contracts.', 'funding_mechanisms': 'PHC Fund for equipment and recurrent supplies; SHIF performance incentives for meeting screening targets; county health budgets for training.', 'timeline_realistic': '6–24 months (equipment + training quickly; full system maturity 24–36 months)'}",ai_coverage_analysis,comprehensive_coverage,['Pages 19-54 (Annex Procedures)'],True,2025-08-27T19:50:34.560297,2,GAP_009
COVERAGE_SERVICE_3,service_category,health_promotion_and_prevention,MEDIUM,"Weak, underfunded health promotion systems at community and primary care levels for behavior change (tobacco, alcohol, diet, physical activity), limiting population-level NCD risk reduction.","{'service_delivery_platform': 'Level 1 (CHVs), Level 2-3 (health centres), county health promotion units', 'population_impact': 'General adult population, adolescents in urban areas, communities with rising obesity and tobacco use', 'geographic_scope': 'Nationwide with urban hotspots', 'current_coverage_level': 'Estimated active, structured health promotion coverage: 20–35%'}","Preventive services (health promotion, risk factor reduction)","{'service_availability': 'Limited', 'geographic_accessibility': 'Variable (better in counties with active public health units)', 'financial_accessibility': 'Generally free but dependent on program budgets', 'quality_adequacy': 'Suboptimal (infrequent, not evidence-based, limited monitoring)'}",Supports NCD screening and chronic disease management by reducing incidence; differs from clinical gaps by addressing upstream prevention.,"{'immediate_coverage_expansion': ['Funded CHV-led behaviour change campaigns in priority wards', 'School-based health promotion programmes (nutrition, physical activity)', 'Mass-media risk reduction campaigns tailored regionally'], 'service_integration_opportunities': ['Link health promotion with immunization, FP, and outpatient visits', 'Coordinate with county education and agriculture sectors for multisectoral messaging'], 'infrastructure_requirements': ['Dedicated county health promotion officers and training', 'IEC materials and community outreach transport', 'Monitoring indicators in DHIS2']}","{'county_integration': 'Counties to include health promotion budgets and cross-sectoral workplans; deploy community engagement strategies.', 'funding_mechanisms': 'PHC Fund for prevention; SHIF can include outcome-linked incentives; county health promotion budgets.', 'timeline_realistic': '6–24 months'}",ai_coverage_analysis,comprehensive_coverage,['Pages 1-18 (Policy Structure)'],True,2025-08-27T19:50:34.573434,2,GAP_010
COVERAGE_SERVICE_4,service_category,rehabilitative_service_availability,HIGH,"Insufficient general rehabilitative services (physiotherapy, occupational therapy, prosthetics, community-based rehabilitation) beyond select urban centres.","{'service_delivery_platform': 'Level 2-3 (basic physiotherapy), Level 4-6 (specialist rehab centres), community-based rehabilitation at Level 1', 'population_impact': 'Post-injury patients, stroke survivors, people with disabilities, older adults', 'geographic_scope': 'Concentrated in urban counties (Nairobi, Mombasa, Kisumu); sparse in remote/rural counties', 'current_coverage_level': 'Estimated access to basic rehab services: 20–30% nationally; prosthetic access <10% in rural areas'}","Rehabilitative services (post-acute rehab, assistive devices)","{'service_availability': 'Limited', 'geographic_accessibility': 'Poor outside urban centres', 'financial_accessibility': 'Expensive (out-of-pocket for devices and private therapy sessions)', 'quality_adequacy': 'Variable; few qualified therapists in counties'}",Complements surgical and injury clinical gaps by ensuring post-operative and post-acute recovery; differs by focusing on continuity of function and social inclusion.,"{'immediate_coverage_expansion': ['Train and deploy mid-level rehab cadres to Level 3 facilities', 'Procure basic rehabilitation equipment for county hospitals and HCs', 'Establish CBR programs linked to CHVs'], 'service_integration_opportunities': ['Include rehab plans in discharge protocols from surgical and trauma services', 'Link assistive device provision with disability databases and social protection'], 'infrastructure_requirements': ['Rehab units in Level 4 hospitals and basic therapy rooms in Level 3', 'Supply chain for assistive devices and consumables', 'Tele-rehab platforms for remote follow-up']}","{'county_integration': 'Counties to incorporate rehab services in essential county health services; partner with NGOs for CBR scale-up.', 'funding_mechanisms': 'PHC Fund for staffing and equipment at Level 3; SHIF coverage for accredited rehab services at Level 4-6; donor support for prosthetics scale-up.', 'timeline_realistic': '12–36 months'}",ai_coverage_analysis,comprehensive_coverage,"['Pages 1-18 (Policy Structure)', 'Pages 19-54 (Annex Procedures)']",True,2025-08-27T19:50:34.579621,2,GAP_011
COVERAGE_SERVICE_5,service_category,palliative_care_coverage,MEDIUM,"Limited availability of palliative care (pain management, symptom control, psychosocial support) at primary and county levels leading to poor end-of-life care and high symptom burden.","{'service_delivery_platform': 'Primarily Level 4-6 tertiary hospices; sparse Level 2-3 provision', 'population_impact': 'Patients with advanced cancers, NCDs, HIV/AIDS, chronic organ failure, and terminal illnesses', 'geographic_scope': 'Concentrated in urban centres (Nairobi, coastal), limited in rural counties', 'current_coverage_level': 'Estimated formal palliative service access <20% nationally'}",Palliative services,"{'service_availability': 'Limited', 'geographic_accessibility': 'Poor outside major towns', 'financial_accessibility': 'Often requires out-of-pocket payments for home-based services', 'quality_adequacy': 'Suboptimal (limited opioid availability and trained staff)'}",Complements cancer and chronic disease clinical gaps by focusing on symptom relief and quality of life rather than curative care.,"{'immediate_coverage_expansion': ['Train PHC nurses in basic palliative care and opioid prescribing where allowed', 'Establish home-based palliative care teams linked to CHVs', 'Ensure essential palliative medicines on county formularies'], 'service_integration_opportunities': ['Integrate palliative screening into outpatient and inpatient chronic disease clinics', 'Link with HIV and oncology services for shared care plans'], 'infrastructure_requirements': ['Palliative care kits, pain management supply chain, training modules', 'Referral and teleconsultation support from tertiary palliative teams']}","{'county_integration': 'Counties to include palliative indicators in county health priority plans and ensure opioid supply chains within regulatory frameworks.', 'funding_mechanisms': 'PHC Fund for training and CHV-linked home care; SHIF coverage for facility-based palliative consultations; emergency/chronic illness fund for high-cost palliative medicines.', 'timeline_realistic': '12–36 months'}",ai_coverage_analysis,comprehensive_coverage,['Pages 1-18 (Policy Structure)'],True,2025-08-27T19:50:34.589883,2,GAP_012
COVERAGE_POPULATION_6,population_group,adolescent_health_service_gap,HIGH,"Limited adolescent-friendly services (sexual and reproductive health, mental health first-line, substance abuse counselling) within PHC and schools leading to unmet needs and poor health-seeking behaviour.","{'service_delivery_platform': 'Level 1 (school/CHV outreach), Level 2-3 (youth-friendly corners), Level 4 for referrals', 'population_impact': 'Adolescents (10–19 years), particularly out-of-school youth and urban slum residents', 'geographic_scope': 'Nationwide; hotspots in informal settlements and high school dropout areas', 'current_coverage_level': 'Estimated adolescent-friendly service coverage: 20–35%'}",Preventive and curative services targeted to adolescents,"{'service_availability': 'Limited', 'geographic_accessibility': 'Variable (some counties with youth-friendly corners, many without)', 'financial_accessibility': 'Moderately affordable but confidentiality/acceptability barriers reduce access', 'quality_adequacy': 'Suboptimal (staff not trained in adolescent care)'}",Complements child and mental health clinical priorities by emphasizing life-course preventive and early-intervention services rather than specialized care.,"{'immediate_coverage_expansion': ['Establish youth-friendly service points at Level 3 facilities and selected Level 2 clinics', 'Train health workers in adolescent counselling and confidentiality', 'School-based SRH and mental health screening programmes'], 'service_integration_opportunities': ['Integrate adolescent SRH with immunization and nutrition outreach', 'Link to community-based psychosocial support and referral pathways'], 'infrastructure_requirements': ['Private consultation spaces in PHC, adolescent IEC materials, referral directories', 'Telehealth platforms for adolescent counselling']}","{'county_integration': 'Counties to designate adolescent focal points and include youth indicators in performance contracts.', 'funding_mechanisms': 'PHC Fund for facility modifications and CHV outreach; SHIF to reimburse accredited youth-friendly services; partnerships with education sector and donors.', 'timeline_realistic': '6–18 months'}",ai_coverage_analysis,comprehensive_coverage,['Pages 1-18 (Policy Structure)'],True,2025-08-27T19:50:34.605816,2,GAP_013
COVERAGE_POPULATION_7,population_group,geriatric_care_gap,MEDIUM,"Absence of structured geriatric services (comprehensive geriatric assessment, dementia care, long-term care support) within county and primary care systems.","{'service_delivery_platform': 'Level 2-3 (basic chronic care), Level 4 (geriatric clinics), community support via CHVs', 'population_impact': 'Older adults (60+), families providing long-term care, patients with multimorbidity', 'geographic_scope': 'Nationwide; counselling and home-based care sparse outside urban counties', 'current_coverage_level': 'Estimated access to geriatric-appropriate services: <15%'}",Curative and rehabilitative services for older adults,"{'service_availability': 'Limited', 'geographic_accessibility': 'Poor', 'financial_accessibility': 'Often expensive due to long-term care needs', 'quality_adequacy': 'Suboptimal (limited workforce skills)'}","Addresses life-course continuity for chronic disease management and rehabilitation, distinct from acute clinical care gaps.","{'immediate_coverage_expansion': ['Train PHC clinicians in geriatric assessment and polypharmacy management', 'Develop home-based care models linked to elder support groups and CHVs', 'Pilot memory clinics and caregiver support services in county hospitals'], 'service_integration_opportunities': ['Integrate geriatric screening within NCD clinics and community outreach', 'Link social protection services to health referrals for long-term care'], 'infrastructure_requirements': ['Basic rehabilitation aids for older adults, home care kits, telehealth support for caregiver training']}","{'county_integration': 'Counties to include elder care in HSS plans; partner with social services and NGOs for home-based care.', 'funding_mechanisms': 'PHC Fund for capacity building and CHV support; SHIF reimbursements for geriatric clinic visits at Level 4; county social protection co-financing.', 'timeline_realistic': '12–36 months'}",ai_coverage_analysis,comprehensive_coverage,['Pages 1-18 (Policy Structure)'],True,2025-08-27T19:50:34.614818,2,GAP_014
COVERAGE_POPULATION_8,population_group,disability_and_assistive_devices_gap,HIGH,"Poor access to disability-inclusive services and assistive devices (hearing aids, wheelchairs, prostheses), limited CBR scale-up and weak linkages to social protection.","{'service_delivery_platform': 'Level 2-4 for basic services, specialized prosthetic services concentrated at Level 5-6 and NGOs', 'population_impact': 'Persons with disabilities, children with congenital conditions, post-injury amputees', 'geographic_scope': 'Services concentrated in urban centres; rural counties underserved', 'current_coverage_level': 'Estimated assistive device access <20% nationally; CBR coverage variable 10–25%'}",Rehabilitative and assistive technology services,"{'service_availability': 'Limited', 'geographic_accessibility': 'Poor', 'financial_accessibility': 'Expensive (high OOP for devices)', 'quality_adequacy': 'Variable; few certified orthotists/prosthetists in counties'}",Complements surgical and injury rehab but focuses on social inclusion and assistive technology rather than acute clinical care.,"{'immediate_coverage_expansion': ['National procurement framework for basic assistive devices with county distribution', 'Scale CBR through CHV training and financing', 'Subsidize essential devices through SHIF/PHC mechanisms'], 'service_integration_opportunities': ['Link device provision to hospital discharge planning after trauma/surgery', 'Coordinate with social protection for means-tested subsidies'], 'infrastructure_requirements': ['County-level fitting centres, supply chain for consumables, trained mid-level technicians']}","{'county_integration': 'Counties to budget for assistive device lists and establish referral and maintenance services.', 'funding_mechanisms': 'PHC Fund for CBR and distribution; SHIF coverage for devices through accredited suppliers; donor/NGO partnerships for technical assist.', 'timeline_realistic': '12–36 months'}",ai_coverage_analysis,comprehensive_coverage,['Pages 1-18 (Policy Structure)'],True,2025-08-27T19:50:34.628040,2,GAP_015
COVERAGE_CARELEVEL_9,care_level,primary_care_diagnostics_gap,HIGH,"Limited basic laboratory and imaging diagnostics (urinalysis, malaria RDTs, basic microscopy, point-of-care HbA1c/Glucose) at Level 2-3 resulting in poor case management and over-referral.","{'service_delivery_platform': 'Level 2-3 facilities and community outreach', 'population_impact': 'General outpatient population, pregnant women, children, NCD patients', 'geographic_scope': 'Nationwide; greater gaps in rural and remote facilities', 'current_coverage_level': 'Estimated basic diagnostics availability at Level 2: 30–50%; Level 3: 50–70%'}",Curative services (basic diagnostics and investigations),"{'service_availability': 'Limited', 'geographic_accessibility': 'Limited in remote facilities', 'financial_accessibility': 'Often affordable but inconsistent due to stock-outs', 'quality_adequacy': 'Suboptimal (equipment calibration, QA lacking)'}","Supports clinical case management, reduces delays to diagnosis (complements clinical priority gaps such as child respiratory infections but focuses on diagnostic capacity rather than treatment protocols).","{'immediate_coverage_expansion': ['Supply basic POCT labs and QA kits to Level 2-3 and training for staff', 'Implement specimen transport networks to county labs for higher-complexity tests', 'Introduce maintenance contracts for equipment'], 'service_integration_opportunities': ['Integrate diagnostics with PHC NCD screening and maternal services', 'Use CHVs for community-level screening and sample collection'], 'infrastructure_requirements': ['POCT devices, cold storage for reagents, specimen transport logistics, DHIS2 lab reporting']}","{'county_integration': 'County health labs to map gaps and prioritize Level 3 facilities for basic labs; include in county accreditation standards.', 'funding_mechanisms': 'PHC Fund for POCT purchase and consumables; SHIF reimbursements for diagnostics performed at accredited PHC; partnerships with national lab programs.', 'timeline_realistic': '6–24 months'}",ai_coverage_analysis,comprehensive_coverage,['Pages 1-18 (Policy Structure)'],True,2025-08-27T19:50:34.640765,2,GAP_016
COVERAGE_CARELEVEL_10,care_level,essential_surgical_capacity_at_county_level,HIGH,"Inadequate capacity at Level 4 county hospitals to deliver basic essential surgical procedures (lack of theatre staffing, anaesthesia, sterilisation, blood transfusion capacity), increasing referrals and delays.","{'service_delivery_platform': 'Level 4 county hospitals, surgical outreach at Level 3', 'population_impact': 'Rural and peri-urban populations requiring Bellwether procedures and emergency surgery', 'geographic_scope': 'Most counties have at least one Level 4, but functional surgical capacity varies widely — greater deficits in smaller/rural counties', 'current_coverage_level': 'Estimated functional essential surgical capacity in county hospitals: 40–60%'}",Curative services (surgical care and anaesthesia),"{'service_availability': 'Limited', 'geographic_accessibility': 'Variable; rural patients often travel far', 'financial_accessibility': 'Expensive when referred to tertiary private hospitals', 'quality_adequacy': 'Suboptimal (equipment gaps, staff shortages)'}","Overlaps with specialist distribution concerns but focuses on ensuring basic, timely surgical access at county hospitals rather than tertiary specialist concentration.","{'immediate_coverage_expansion': ['Targeted investment in theatre refurbishment, sterilisation and oxygen systems at priority Level 4 hospitals', 'Deploy surgical outreach teams and task-sharing (clinical officers with surgical training)', 'Strengthen blood transfusion readiness (cold chain, supply)'], 'service_integration_opportunities': ['Integrate emergency obstetric surgical capacity strengthening with broader essential surgery investments', 'Use tele-mentoring from tertiary centres for complex cases'], 'infrastructure_requirements': ['Functional theatres, safe anaesthesia equipment, sterilisation units, reliable power and oxygen']}","{'county_integration': 'Counties prioritize functional surgical capacity in HR and infrastructure plans; pooled procurement for surgical supplies.', 'funding_mechanisms': 'SHIF significant role for reimbursing essential surgical packages at Level 4; PHC Fund for facility upgrades; Emergency/Chronic Fund for capital critical illness investments.', 'timeline_realistic': '12–36 months'}",ai_coverage_analysis,comprehensive_coverage,"['Pages 1-18 (Policy Structure)', 'Pages 19-54 (Annex Procedures)']",True,2025-08-27T19:50:34.657281,2,GAP_017
COVERAGE_CARELEVEL_11,care_level,referral_and_transport_network_gap,HIGH,Weak inter-facility referral systems and limited emergency medical transport (ambulances) leading to delays in time-critical care and poor continuity across levels.,"{'service_delivery_platform': 'All levels (1–6), with referral hubs at Level 4-6', 'population_impact': 'Patients requiring emergency, surgical, obstetric and critical care transfers; remote populations most affected', 'geographic_scope': 'Nationwide; critical gaps in large counties with dispersed populations (Turkana, Garissa, Tana River)', 'current_coverage_level': 'Estimated functional ambulance coverage within recommended timeframes: 20–40% of population'}",Emergency care services (pre-hospital and referral systems),"{'service_availability': 'Limited', 'geographic_accessibility': 'Poor in remote areas', 'financial_accessibility': 'Transport often OOP or through ad hoc mechanisms', 'quality_adequacy': 'Variable (lack of trained EMS personnel, poor communication)'}","Supports emergency obstetric and critical care clinical gaps but differs by addressing systems of transport, triage, and referral coordination.","{'immediate_coverage_expansion': ['Establish hub-and-spoke emergency referral protocols and communication lines (phone/telemedicine) between levels', 'Invest in parish-level rapid-response transport options (motorbikes, community ambulances) in remote wards', 'Equip ambulance services with basic life support and trained EMTs'], 'service_integration_opportunities': ['Link referral coordination with NHIF/SHIF transport reimbursement models', 'Integrate CHVs in pre-referral stabilization and communication'], 'infrastructure_requirements': ['Dedicated ambulances, communication platforms, referral forms and a central dispatch for counties']}","{'county_integration': 'Counties to map referral corridors, set dispatch points and establish SLAs with ambulance providers; strengthen referral feedback loops.', 'funding_mechanisms': 'PHC Fund for community transport solutions; SHIF to reimburse emergency transfers where applicable; county budgets for ambulance procurement; emergency fund for critical transfers.', 'timeline_realistic': '6–24 months'}",ai_coverage_analysis,comprehensive_coverage,['Pages 1-18 (Policy Structure)'],True,2025-08-27T19:50:34.668959,2,GAP_018
COVERAGE_CARELEVEL_12,care_level,primary_healthcare_service_scope,HIGH,"Narrow functional scope of PHC (Levels 2–3) in terms of preventive, diagnostic and basic curative services leading to bypassing to higher-level facilities and increased out-of-pocket spending.","{'service_delivery_platform': 'Level 2-3 facilities and community units', 'population_impact': 'Rural and peri-urban users of public PHC facilities, low-income groups', 'geographic_scope': 'Nationwide, particularly counties with weak PHC investments', 'current_coverage_level': 'Estimated functional PHC service completeness: 35–55%'}",Curative and preventive primary care services coverage,"{'service_availability': 'Limited scope', 'geographic_accessibility': 'Accessible spatially but limited by service scope', 'financial_accessibility': 'Often affordable at point of care but leads to referrals and OOP', 'quality_adequacy': 'Suboptimal (protocols and commodities inconsistent)'}",Complements multiple clinical gaps by strengthening the first-contact services rather than specialty care.,"{'immediate_coverage_expansion': ['Define and resource a county PHC package with essential diagnostics and medicines', 'Scale nurse-led integrated management of adult illnesses and child illnesses at Level 2-3', 'Improve supply chain and essential medicines availability at PHC'], 'service_integration_opportunities': ['Integrate vertical programs (HIV, TB, MCH, NCD) into a single delivered PHC platform', 'Leverage CHVs for continuity of care and adherence support'], 'infrastructure_requirements': ['Upgraded PHC consultation spaces, basic lab/POCT, consistent drug supply']}","{'county_integration': 'County PHC strategies to operationalize package, revise facility staffing norms, and map PHC catchments.', 'funding_mechanisms': 'PHC Fund to finance scope expansion; SHIF alignment to reimburse PHC package services and incentivize gatekeeping.', 'timeline_realistic': '12–36 months'}",ai_coverage_analysis,comprehensive_coverage,['Pages 1-18 (Policy Structure)'],True,2025-08-27T19:50:34.682038,2,GAP_019
COVERAGE_GEOGRAPHIC_13,geographic_access,rural_arid_area_service_gap,HIGH,"Persistent geographic inequities with very limited service availability in ASAL (arid and semi-arid lands) counties caused by sparse facilities, human resource shortages and insecurity.","{'service_delivery_platform': 'Community outreach, Level 2 clinics; Level 4 hospitals located far from communities', 'population_impact': 'Pastoralist and nomadic communities in northern and north-eastern counties', 'geographic_scope': 'Marsabit, Turkana, Mandera, Wajir, Samburu, Isiolo', 'current_coverage_level': 'Estimated comprehensive essential service coverage in affected wards: 10–30%'}","All categories: preventive, curative, rehabilitative and palliative services","{'service_availability': 'Severely limited', 'geographic_accessibility': 'Poor (long travel distances and insecurity)', 'financial_accessibility': 'High indirect costs', 'quality_adequacy': 'Suboptimal due to staffing and supply constraints'}",Augments clinical priority gaps by highlighting geographic accessibility and system resilience rather than disease-specific clinical shortcomings.,"{'immediate_coverage_expansion': ['Scale mobile clinics and seasonal outreach aligned to pastoralist movement patterns', 'Community-based CHV service packages with strengthened supervision', 'Innovative transport solutions (watercraft, beasts of burden where appropriate) and telemedicine'], 'service_integration_opportunities': ['Coordinate health outreach with veterinary/animal health and WASH programs for multisectoral coverage', 'Integrate immunization, nutrition, and reproductive health outreach'], 'infrastructure_requirements': ['Mobile clinic fleets, solar power, satellite connectivity for telehealth', 'Security and contingency planning for outreach teams']}","{'county_integration': 'ASAL county plans to prioritize outreach budgets and community engagement with clan elders; establish cross-border service compacts where pastoralists cross borders.', 'funding_mechanisms': 'PHC Fund for outreach; SHIF to recognize mobile outreach as reimbursable when accredited; humanitarian/donor blending for insecurity-affected areas.', 'timeline_realistic': '6–36 months'}",ai_coverage_analysis,comprehensive_coverage,"['Pages 1-18 (Policy Structure)', 'Pages 19-54 (Annex Procedures)']",True,2025-08-27T19:50:34.699252,2,GAP_020
COVERAGE_GEOGRAPHIC_14,geographic_access,urban_informal_settlement_gap,HIGH,"Overcongested urban PHC and slum healthcare ecosystems with poor quality, inadequate hours, and weak integration with referral systems leading to delayed care and catastrophic OOP spending.","{'service_delivery_platform': 'Level 2-3 clinics, many private informal providers, community units in slums', 'population_impact': 'Residents of informal settlements (Kibera, Mathare, Mukuru, Kawangware, some Mombasa settlements)', 'geographic_scope': 'Nairobi, Mombasa, Kisumu and other urban metros', 'current_coverage_level': 'Functional, quality-assured public primary care coverage in informal settlements: 20–40%'}",Curative and preventive PHC services and health promotion,"{'service_availability': 'Available but fragmented and often of variable quality', 'geographic_accessibility': 'Physically accessible but constrained by hours and capacity', 'financial_accessibility': 'High OOP due to private providers and user fees', 'quality_adequacy': 'Suboptimal (unregulated private providers, weak referrals)'}",Complements child health and NCD clinical gaps by addressing service delivery bottlenecks in dense urban populations rather than clinical protocols.,"{'immediate_coverage_expansion': ['Accredit and contract quality-assured private clinics to provide PHC services under SHIF', 'Extend clinic hours and strengthen referral links to county hospitals', 'Scale community health insurance enrolment and SHIF outreach'], 'service_integration_opportunities': ['Integrate WASH, nutrition and mental health screening in urban PHC packages', 'Partner with local NGOs for community mobilization'], 'infrastructure_requirements': ['Increased public clinic capacity, digital appointment/triage platforms, satellite CHU offices']}","{'county_integration': 'Counties to create urban health strategies that include informal settlement mapping and provider contracting.', 'funding_mechanisms': 'SHIF contracting of private providers for PHC services; PHC Fund to support extension of public facility hours and CHV stipends.', 'timeline_realistic': '6–24 months'}",ai_coverage_analysis,comprehensive_coverage,['Pages 1-18 (Policy Structure)'],True,2025-08-27T19:50:34.714818,2,GAP_021
COVERAGE_GEOGRAPHIC_15,geographic_access,cross_border_and_refugee_population_gap,MEDIUM,Inconsistent service continuity and limited SHIF-recognition for refugees and cross-border populations leading to inequitable access and missed public health surveillance opportunities.,"{'service_delivery_platform': 'County health facilities in border counties, refugee camp clinics (national and UN-managed)', 'population_impact': 'Refugees, migrants, cross-border pastoralists (counties: Dadaab area, Kakuma, Turkana, Busia, Kisumu border regions)', 'geographic_scope': 'Border counties and refugee-hosting counties (Garissa, Turkana, West Pokot, Trans Nzoia, Busia)', 'current_coverage_level': 'Variable; formal access to national SHIF-covered services for refugees limited (<30% integration)'}",Curative and preventive services for displaced and mobile populations,"{'service_availability': 'Patchy (separate humanitarian systems exist)', 'geographic_accessibility': 'Variable', 'financial_accessibility': 'Often subsidized by humanitarian partners but not integrated into SHIF', 'quality_adequacy': 'Variable; limited surveillance integration'}",Differs from clinical disease gaps by addressing inclusion and financing for population groups with special status rather than pure clinical service design.,"{'immediate_coverage_expansion': ['Policy alignment to allow SHIF-accredited services for registered refugees in county facilities', 'Strengthen outreach immunization and surveillance in border towns', 'Harmonize referral pathways between humanitarian clinics and county hospitals'], 'service_integration_opportunities': ['Integrate refugee camp health data into national HMIS for early detection and response', 'Joint planning between county and UN/humanitarian health actors'], 'infrastructure_requirements': ['Cross-border referral protocols, data-sharing agreements, transport arrangements']}","{'county_integration': 'Counties with refugee populations to sign MOUs with national refugee agencies; joint service planning.', 'funding_mechanisms': 'Blended financing: humanitarian donors for immediate needs, SHIF for accredited services, PHC Fund for outreach integration.', 'timeline_realistic': '6–18 months'}",ai_coverage_analysis,comprehensive_coverage,"['Pages 1-18 (Policy Structure)', 'Pages 19-54 (Annex Procedures)']",True,2025-08-27T19:50:34.733750,2,GAP_022
COVERAGE_SERVICE_16,service_category,essential_medicines_and_supply_chain_gap,HIGH,"Frequent stock-outs of essential medicines at primary and county levels due to fragmented procurement, distribution bottlenecks and limited buffer stocks.","{'service_delivery_platform': 'All public health facility levels, county procurement systems', 'population_impact': 'All service users, with the poorest affected most by OOP purchasing', 'geographic_scope': 'Nationwide with acute shortages in remote counties and during supply shocks', 'current_coverage_level': 'Availability of tracer essential medicines at PHC: estimated 50–70% (variable)'}",Curative services (essential medicines provision),"{'service_availability': 'Limited (stock-outs common)', 'geographic_accessibility': 'Poor when storerooms are empty', 'financial_accessibility': 'Expensive when patients buy from private pharmacies', 'quality_adequacy': 'Suboptimal due to expired/poor storage at times'}",Supports all clinical programs by ensuring treatment availability; differs by focusing on systems (procurement/distribution) rather than specific clinical protocols.,"{'immediate_coverage_expansion': ['Implement county-level buffer stocks for essential medicines and real-time stock monitoring', 'Standardize essential medicine lists aligned to SHIF benefits package', 'Use pooled procurement and framework contracts to stabilize supply'], 'service_integration_opportunities': ['Align commodity ordering across vertical programs to reduce duplication', 'Link CHV reporting on stock-outs to county logistics teams'], 'infrastructure_requirements': ['Warehousing capacity, cold chain for temperature-sensitive medicines, transport logistics']}","{'county_integration': 'Counties to adopt logistics management information systems and set procurement KPIs; integrate with national KEMSA/GOK supply arrangements.', 'funding_mechanisms': 'County budgets for procurement; PHC Fund for buffer stocks; SHIF to reimburse for accredited drug provisioning within facilities.', 'timeline_realistic': '6–18 months'}",ai_coverage_analysis,comprehensive_coverage,['Pages 1-18 (Policy Structure)'],True,2025-08-27T19:50:34.746210,2,GAP_023
COVERAGE_SERVICE_17,service_category,workforce_distribution_and_skill_mix_gap,HIGH,"Maldistribution and shortages of health workforce cadres at PHC and county levels (nurses, clinical officers, laboratory technicians), with weak incentives for rural deployment and retention.","{'service_delivery_platform': 'All facility levels; county HRH management systems', 'population_impact': 'Rural populations and underserved facilities experience gaps in clinical coverage and continuity of care', 'geographic_scope': 'Rural counties, ASAL regions, remote wards nationwide', 'current_coverage_level': 'Estimated staffing shortfalls in priority cadres: 30–50% of sanctioned posts in many counties'}",Curative services (workforce capacity),"{'service_availability': 'Limited due to lack of personnel', 'geographic_accessibility': 'Poor where staff absent', 'financial_accessibility': 'N/A (service availability constrained)', 'quality_adequacy': 'Variable depending on staff skills and supervision'}",Enables clinical services across priorities; different focus on structural HRH solutions rather than disease-specific clinical interventions.,"{'immediate_coverage_expansion': ['Incentive packages for rural postings (housing, hardship allowances, CPD opportunities)', 'Scale up training and deployment of mid-level and community health cadres', 'Implement bonded-scholarship and rural recruitment schemes'], 'service_integration_opportunities': ['Integrate HRH planning across county and national programs to optimize task-sharing', 'Use telemedicine to support isolated staff'], 'infrastructure_requirements': ['Staff housing, continuing professional development infrastructure, supervision vehicles']}","{'county_integration': 'Counties to implement HRH retention packages and update staffing norms; coordinate with national HRH programs.', 'funding_mechanisms': 'County payroll budgets augmented by PHC Fund for incentives; SHIF use of performance-based top-ups for priority rural facilities.', 'timeline_realistic': '6–36 months'}",ai_coverage_analysis,comprehensive_coverage,['Pages 1-18 (Policy Structure)'],True,2025-08-27T19:50:34.763493,2,GAP_024
COVERAGE_SERVICE_18,service_category,health_information_and_coverage_monitoring_gap,MEDIUM,"Fragmented HIS and incomplete routine data capture for service coverage metrics (lack of SHIF-specific service utilization and tariff data), impairing planning and performance-based financing.","{'service_delivery_platform': 'All facility levels; county health information units', 'population_impact': 'National policy-makers, counties, purchasers (SHIF) and facility managers', 'geographic_scope': 'Nationwide; some counties with better digital adoption', 'current_coverage_level': 'Estimated completeness and timeliness of essential service reporting: 60–80% (varies)'}",Health systems strengthening (information systems for UHC monitoring),"{'service_availability': 'N/A', 'geographic_accessibility': 'N/A', 'financial_accessibility': 'N/A', 'quality_adequacy': 'Suboptimal for coverage measurement, lacks SHIF-aligned tariffs'}",Enables measurement and accountability for clinical and non-clinical gaps; differs by focusing on data systems rather than clinical services.,"{'immediate_coverage_expansion': ['Define SHIF core coverage indicators and integrate into DHIS2 with facility reporting templates', 'Capture service tariffs and unit-costs in SHIF contracting database', 'Train facility staff on reporting completeness and quality'], 'service_integration_opportunities': ['Link HMIS with logistics, HRH and financial databases for integrated performance dashboards', 'Use routine data to trigger performance-based payments'], 'infrastructure_requirements': ['Connectivity, tablets/computers for reporting, interoperable databases']}","{'county_integration': 'Counties to align HMIS reporting with SHIF requirements; include data quality KPIs in county performance agreements.', 'funding_mechanisms': 'PHC Fund for HMIS hardware and training; SHIF to leverage data for purchasing decisions and provider contracting.', 'timeline_realistic': '6–18 months'}",ai_coverage_analysis,comprehensive_coverage,['Pages 19-54 (Annex Procedures)'],True,2025-08-27T19:50:34.785348,2,GAP_025
COVERAGE_SERVICE_19,service_category,financial_protection_outpatient_chronic_care,HIGH,"Inadequate SHIF and county financing coverage for routine outpatient management of chronic conditions (medicines, follow-up visits), resulting in OOP costs and poor adherence.","{'service_delivery_platform': 'Level 2-4 chronic care clinics, community follow-up by CHVs', 'population_impact': 'People living with NCDs (hypertension, diabetes) and chronic conditions requiring frequent outpatient visits', 'geographic_scope': 'Nationwide; disproportionate burden among low-income urban and rural populations', 'current_coverage_level': 'Estimated proportion of chronic patients with financial protection for routine outpatient care: 20–40%'}",Curative services (continuity of care and financial protection for chronic disease management),"{'service_availability': 'Available but financial barriers limit utilization', 'geographic_accessibility': 'Variable', 'financial_accessibility': 'Limited - high OOP for medicines and repeated visits', 'quality_adequacy': 'Suboptimal due to interrupted supplies and follow-up'}",Complements NCD and chronic clinical care by addressing financing and continuity rather than clinical protocols or tertiary treatment.,"{'immediate_coverage_expansion': ['Define and include a basic outpatient chronic care benefit package within SHIF with capped co-payments or no co-pay for essential medicines', 'Implement multi-month dispensing of chronic medicines at PHC', 'Use community delivery models for adherence support'], 'service_integration_opportunities': ['Link SHIF reimbursement to PHC performance and continuity indicators', 'Integrate NCD care with mental health and rehabilitation where relevant'], 'infrastructure_requirements': ['Stock management for chronic medicines, digital appointment and refill systems']}","{'county_integration': 'Counties to operationalize multi-month dispensing policies and include chronic care packages in facility budgets.', 'funding_mechanisms': 'SHIF to cover routine outpatient chronic care packages; PHC Fund to support CHV-based adherence programs and commodity procurement.', 'timeline_realistic': '6–24 months'}",ai_coverage_analysis,comprehensive_coverage,['Pages 1-18 (Policy Structure)'],True,2025-08-27T19:50:34.804192,2,GAP_026
COVERAGE_SERVICE_20,service_category,private_sector_integration_gap,MEDIUM,"Insufficient accreditation, contracting and quality assurance mechanisms for the large private and faith-based provider network, limiting SHIF's ability to expand equitable access through purchasing.","{'service_delivery_platform': 'Private clinics, FBO facilities, pharmacies and diagnostic centres across Levels 2–5', 'population_impact': 'Users who rely on private care (often urban and peri-urban poor), gap in regulated affordable options', 'geographic_scope': 'Nationwide; heavy presence in urban and peri-urban areas', 'current_coverage_level': 'Proportion of private providers accredited and contracted with SHIF: <40%'}","All categories as delivered by private providers (curative, preventive, diagnostics)","{'service_availability': 'Available but not integrated into purchaser networks', 'geographic_accessibility': 'Good in urban areas but quality varies', 'financial_accessibility': 'High OOP in unregulated private sector', 'quality_adequacy': 'Variable; limited oversight'}",Enables system-wide coverage expansion and reduces pressure on public facilities; differs from clinical gaps by focusing on purchasing and regulation.,"{'immediate_coverage_expansion': ['Accelerate private provider accreditation and SHIF contracting with standardized tariffs', 'Develop bundled payment models for common PHC and diagnostic services', 'Quality improvement and supervision programmes for contracted private providers'], 'service_integration_opportunities': ['Use private sector to expand diagnostic and PHC access in urban slums and peri-urban areas', 'Coordinate referrals between private and public sectors'], 'infrastructure_requirements': ['IT connectivity for claims submission, provider directories, contractual frameworks']}","{'county_integration': 'Counties to maintain provider registries and support accreditation processes; implement local contracting where appropriate.', 'funding_mechanisms': 'SHIF as primary purchaser; PHC Fund to co-fund outreach; performance-based payments and quality-linked incentives.', 'timeline_realistic': '6–24 months'}",ai_coverage_analysis,comprehensive_coverage,"['Pages 1-18 (Policy Structure)', 'Pages 19-54 (Annex Procedures)']",True,2025-08-27T19:50:34.826349,2,GAP_027
COVERAGE_SERVICE_21,service_category,ambulatory_and_home_based_care_gap,MEDIUM,Limited ambulatory/home-based care models for chronic and palliative patients leading to unnecessary admissions and high service costs.,"{'service_delivery_platform': 'Community units, CHVs, Level 2-3 clinics, county domiciliary teams', 'population_impact': 'Chronic patients, palliative care patients, older adults with limited mobility', 'geographic_scope': 'Urban and rural areas with variable availability', 'current_coverage_level': 'Access to structured home-based care services: <20%'}",Rehabilitative and palliative services (home-based care),"{'service_availability': 'Limited', 'geographic_accessibility': 'Variable', 'financial_accessibility': 'Often OOP or NGO-funded', 'quality_adequacy': 'Suboptimal without formal training or supplies'}",Reduces burden on hospitals from chronic and end-of-life care; differs from clinical gaps by focusing on location of care and continuity.,"{'immediate_coverage_expansion': ['Pilot and scale CHV-supported domiciliary care packages for chronic/palliative patients', 'Introduce SHIF reimbursement codes for home visits and telehealth follow-up', 'Training for caregivers and CHVs in basic clinical monitoring'], 'service_integration_opportunities': ['Link home-based care to facility-based chronic disease clinics and palliative services', 'Coordinate with social protection for caregiver stipends'], 'infrastructure_requirements': ['Basic kits for home care, mobile phones for tele-support, transport allowances for CHVs']}","{'county_integration': 'Counties to pilot domiciliary packages in selected wards and incorporate into county PHC strategies.', 'funding_mechanisms': 'PHC Fund for community services; SHIF to reimburse accredited home-based care services; county social protection co-financing.', 'timeline_realistic': '6–18 months'}",ai_coverage_analysis,comprehensive_coverage,"['Pages 1-18 (Policy Structure)', 'Pages 19-54 (Annex Procedures)']",True,2025-08-27T19:50:34.841508,2,GAP_028
COVERAGE_SERVICE_22,service_category,quality_assurance_and_clinical_guidelines_gap,MEDIUM,Inconsistent adoption of standard clinical guidelines and QA processes at county and facility levels leading to variable quality of care and avoidable complications.,"{'service_delivery_platform': 'All facility levels, county QA units, regulatory bodies', 'population_impact': 'All patients interacting with public and contracted private facilities', 'geographic_scope': 'Nationwide; some counties with stronger QA systems', 'current_coverage_level': 'Proportion of facilities implementing clinical guidelines and QA cycles: 40–60%'}",Quality assurance for curative and preventive services,"{'service_availability': 'Available but not uniformly implemented', 'geographic_accessibility': 'N/A', 'financial_accessibility': 'N/A', 'quality_adequacy': 'Suboptimal in many facilities'}","Supports improved outcomes across clinical priorities but is distinct by addressing systems, governance and provider behaviour.","{'immediate_coverage_expansion': ['Roll out standardised county QA packages, clinical checklists and morbidity/mortality review processes', 'Link QA performance to SHIF contracting and reimbursements', 'Provide regular mentorship and supportive supervision'], 'service_integration_opportunities': ['Use existing disease programs (HIV, TB, MCH) QA frameworks to mainstream standards', 'Facility-level QI collaboratives across counties'], 'infrastructure_requirements': ['Training resources, QA tools, data dashboards and feedback loops']}","{'county_integration': 'Counties operationalise QA cycles and embed into performance assessments; create peer review networks.', 'funding_mechanisms': 'PHC Fund for training and supervision; SHIF to condition part of payments on quality metrics.', 'timeline_realistic': '6–24 months'}",ai_coverage_analysis,comprehensive_coverage,['Pages 1-18 (Policy Structure)'],True,2025-08-27T19:50:34.862033,2,GAP_029
COVERAGE_SERVICE_23,service_category,diagnostic_imaging_access_gap,MEDIUM,"Advanced imaging (CT, MRI, specialized ultrasounds) and structured X-ray services are concentrated at tertiary centres with limited access or high costs for county populations; primary level imaging (basic X-ray) also insufficient in many counties.","{'service_delivery_platform': 'Level 4-6 imaging hubs; Level 2-3 limited X-ray availability', 'population_impact': 'Patients with trauma, surgical, oncology, and chronic conditions requiring imaging, particularly in rural counties', 'geographic_scope': 'Major urban centres have capacity; many counties lack functional basic imaging', 'current_coverage_level': 'Functional basic imaging at county level: 40–60%; advanced imaging accessible <20% without referral'}",Curative services (medical imaging and investigations),"{'service_availability': 'Limited for both basic and advanced imaging', 'geographic_accessibility': 'Poor in rural counties', 'financial_accessibility': 'Expensive when accessing private tertiary centres', 'quality_adequacy': 'Variable due to lack of trained radiographers and maintenance'}","Supports surgical, emergency and specialist care but focuses on access and affordability of imaging services rather than clinical procedures themselves.","{'immediate_coverage_expansion': ['Equip priority Level 4 hospitals with digital X-ray and basic ultrasound and train operators', 'Establish referral imaging networks with subsidised access for SHIF-enrolled patients', 'Implement maintenance and QA contracts for imaging equipment'], 'service_integration_opportunities': ['Integrate imaging referrals into tele-radiology reading services from Level 5-6 hospitals', 'Bundle imaging with surgical and trauma pathways (e.g., trauma hubs)'], 'infrastructure_requirements': ['Imaging equipment, PACS/tele-radiology links, trained technicians']}","{'county_integration': 'Counties to prioritize imaging investments in Level 4 hospitals; create referral and subsidisation policies for advanced imaging.', 'funding_mechanisms': 'PHC Fund for basic imaging at Level 4; SHIF to reimburse advanced imaging at accredited centres; public-private partnerships for equipment financing.', 'timeline_realistic': '12–36 months'}",ai_coverage_analysis,comprehensive_coverage,['Pages 1-18 (Policy Structure)'],True,2025-08-27T19:50:34.892802,2,GAP_030
COVERAGE_SERVICE_24,service_category,tariff_and_cost_transparency_gap,MEDIUM,"Absence of consistent published tariffs and transparent costing for SHIF-covered services (policy data shows zero tariffs entries), undermining purchaser-provider contracting, price setting and patient financial predictability.","{'service_delivery_platform': 'National SHIF purchasing, county providers, private providers', 'population_impact': 'SHIF beneficiaries, uninsured patients negotiating prices, counties setting provider payment rates', 'geographic_scope': 'Nationwide', 'current_coverage_level': 'Tariff transparency and alignment largely absent in SHIF policy dataset (0 tariffs recorded)'}",Health systems strengthening (purchasing and financial protection),"{'service_availability': 'N/A', 'geographic_accessibility': 'N/A', 'financial_accessibility': 'Reduced by unpredictable charges', 'quality_adequacy': 'N/A'}",Enables scale-up of many clinical services by providing clear price signals and incentives; differs by focusing on governance and purchasing levers.,"{'immediate_coverage_expansion': ['Conduct costing studies for the SHIF service package (PHC, surgical, diagnostics) and publish standard tariffs', 'Establish provider payment schedules and transparent reimbursement processes', 'Develop simple patient-facing benefit entitlements and co-payment rules'], 'service_integration_opportunities': ['Align tariffs with national essential medicines lists and diagnostics pricing', 'Use tariff data to inform county budgeting and provider contracting'], 'infrastructure_requirements': ['Costing expertise, data analytics capacity, digital claims systems']}","{'county_integration': 'Counties to adopt standard tariffs in county contracting and ensure public communication on entitlements.', 'funding_mechanisms': 'National SHIF budget to fund costing exercises; PHC Fund to pilot tariff linked payments at facility level.', 'timeline_realistic': '6–12 months for costing and publication; phased adoption 12–36 months'}",ai_coverage_analysis,comprehensive_coverage,['Pages 19-54 (Annex Procedures)'],True,2025-08-27T19:50:34.923001,2,GAP_031
COVERAGE_SERVICE_25,service_category,community_health_programme_financing_and_supervision_gap,HIGH,"CHV programme underfunded and inconsistently supervised, limiting community-level prevention, referrals, defaulter tracing and linkages to PHC services.","{'service_delivery_platform': 'Level 1 community units and CHV networks; overseen by CHUs and facility supervisors', 'population_impact': 'Entire population served by community units, especially rural and informal settlements', 'geographic_scope': 'Nationwide with variable functionality across counties', 'current_coverage_level': 'Functional, compensated CHV coverage estimated 40–60% of community units with consistent supervision and supplies'}",Preventive and promotive services at community level,"{'service_availability': 'Available but under-resourced', 'geographic_accessibility': 'Generally good, but capacity low', 'financial_accessibility': 'Services free but CHV expenses create informal costs', 'quality_adequacy': 'Variable due to limited supervision and supplies'}","Acts as the bridge for many clinical programs (immunization, NCD screening, maternal health) but differs by focusing on community-level human resources and financing.","{'immediate_coverage_expansion': ['Establish predictable CHV stipend and supervision model funded by counties and PHC Fund', 'Standardize CHV scope of work to include tracing, referrals and basic health promotion', 'Equip CHVs with job aids, mobile reporting tools and commodity kits'], 'service_integration_opportunities': ['Use CHVs for defaulter tracing in immunization, TB, HIV and NCD programs', 'Integrate CHV incentives with SHIF performance metrics at facility level'], 'infrastructure_requirements': ['CHV training centres, mobile phones/tablets, supervision transport']}","{'county_integration': 'Counties to formalize CHV cadres within county HR and financing structures with clear supervision lines.', 'funding_mechanisms': 'PHC Fund for recurrent CHV stipends and supplies; SHIF performance top-ups tied to community outcome indicators.', 'timeline_realistic': '6–18 months'}",ai_coverage_analysis,comprehensive_coverage,['Pages 1-18 (Policy Structure)'],True,2025-08-27T19:50:34.939800,2,GAP_032
