id,specialty,intervention,tariff
1,Cardiology,Intervention Aortic Valvuloplasty,620000.0
2,Cardiology,ASD percutaneous device closure,414400.0
3,Cardiology,Atrial Septostomy,201600.0
4,Cardiology,Cardiac Resynchronization Therapy Defibrillator (CRT - D) device,504000.0
5,Cardiology,Cardiac Resynchronization Therapy Pacemaker (CRT - P),537600.0
6,Cardiology,Coronary angiography (diagnostic),78400.0
7,Cardiology,Coronary Angioplasty (with single or Multiple Stents),537600.0
8,Cardiology,Diagnostic catheterization,78400.0
9,Cardiology,Dual Chamber pacemaker insertion (permanent),280000.0
10,Cardiology,Implantable Converter Defibrillator (ICD) Dual chamber insertion Implantable Converter Defibrillator (ICD) Single,504000.0
11,Cardiology,chamber insertion,504000.0
12,Cardiology,Intra - Aortic Balloon Pump,168000.0
13,Cardiology,IVC Filter insertion,168000.0
14,Cardiology,Loop recorder - reveal link,537600.0
15,Cardiology,Loop recorder - reveal xt,358400.0
16,Cardiology,Mitral Valvoplasty,392000.0
17,Cardiology,PDA percutaneous device closure,414400.0
18,Cardiology,Peripheral Angiography,56000.0
19,Cardiology,Peripheral Angioplasty,280000.0
20,Cardiology,Pulmonary artery catheterization,78400.0
21,Cardiology,Pulmonary Valvoplasty,448000.0
22,Cardiology,Renal artery stenting,280000.0
23,Cardiology,Retrival of Foreign bodies,145600.0
24,Cardiology,Right and Left Catheterization,145600.0
25,Cardiology,Single Chamber pacemaker insertion (permanent),224000.0
26,Cardiology,Single pacemaker insertion (temporary),44800.0
27,Cardiology,Thoracic endovascular aortic repair (TEVAR),504000.0
28,Cardiology,VSD percutanoeus device closure,414400.0
29,Cardiothoracic and Vascular,Abdominal Aortic Aneurym Repair (Open),392000.0
30,Cardiothoracic and Vascular,Achalasia cardia / Diverticulum,280000.0
31,Cardiothoracic and Vascular,Anterior Chest Wall Mass Excision and Reconstruction,599200.0
32,Cardiothoracic and Vascular,Anterior Mediastinal Mass Resection,599200.0
33,Cardiothoracic and Vascular,Aortic Valve Replacement (AVR),1064000.0
34,Cardiothoracic and Vascular,Arteriovenous Malformation Resection,386400.0
35,Cardiothoracic and Vascular,Atrial Septal Defect Closure,784000.0
36,Cardiothoracic and Vascular,AV Fistula Take down,33600.0
37,Cardiothoracic and Vascular,Bentall's Procedure,1358000.0
38,Cardiothoracic and Vascular,Bidirectional Glenn Shunt,954800.0
39,Cardiothoracic and Vascular,Blalock Taussig (BT) Shunt,688800.0
40,Cardiothoracic and Vascular,Bronchopleural fistula repair,562800.0
41,Cardiothoracic and Vascular,Bronchoscopy and removal of FB,78400.0
42,Cardiothoracic and Vascular,CABG + Double Valve Replacement,1442000.0
43,Cardiothoracic and Vascular,CABG + MWR / AVR,1220800.0
44,Cardiothoracic and Vascular,Carotid Artery Endarterectomy,145600.0
45,Cardiothoracic and Vascular,Carotid Body Tumour Excision,246400.0
46,Cardiothoracic and Vascular,Carotid Body Tumour Redo Surgery,646800.0
47,Cardiothoracic and Vascular,Closed valvotomy,192000.0
48,Cardiothoracic and Vascular,Coarctation of Aorta repair with graft,280000.0
49,Cardiothoracic and Vascular,Coarctation of Aorta repair without graft,280000.0
50,Cardiothoracic and Vascular,Complete Atrioventricular Canal Defect Repair,1024800.0
51,Cardiothoracic and Vascular,Complex repair for congenital heart disease,1248800.0
52,Cardiothoracic and Vascular,Congenital AV fistula malformation Resection,201600.0
53,Cardiothoracic and Vascular,Conventional Elephant Trunk (CET) Procedure,1302000.0
54,Cardiothoracic and Vascular,Coronary artery Bypass Grafting (CABG),868000.0
55,Cardiothoracic and Vascular,Cox Maze IV Procedure,513000.0
56,Cardiothoracic and Vascular,Diaphragmatic Hernia Repair,224000.0
57,Cardiothoracic and Vascular,Dissected Aortic Aneurysm Repair (Open),392000.0
58,Cardiothoracic and Vascular,Double Valve Replacement,1248800.0
59,Cardiothoracic and Vascular,Endovascular Aneurysm Repair (EVAR),1626800.0
60,Cardiothoracic and Vascular,Esophagostomy,470400.0
61,Cardiothoracic and Vascular,ESRD AV Fistula Creation,78400.0
62,Cardiothoracic and Vascular,ESRD AV Graft Surgery,168000.0
63,Cardiothoracic and Vascular,Excision of Mediastinal Tumour,280000.0
64,Cardiothoracic and Vascular,Fontan procedure,954800.0
65,Cardiothoracic and Vascular,Frozen Elephant Trunk (FET) Procedure,1411200.0
66,Cardiothoracic and Vascular,Gastrostomy / Jejunostomy,89600.0
67,Cardiothoracic and Vascular,Heller's myotomy,386400.0
68,Cardiothoracic and Vascular,Insertion of MB tube,44800.0
69,Cardiothoracic and Vascular,Lung decortication,224000.0
70,Cardiothoracic and Vascular,Mitral Valve Replacement (MVR),1064000.0
71,Cardiothoracic and Vascular,Mitral Valvotomy / Balloon,224000.0
72,Cardiothoracic and Vascular,Myocardial Biopsy,44800.0
73,Cardiothoracic and Vascular,Oesophageal perforation Repair,554400.0
74,Cardiothoracic and Vascular,Oesophagectomy,747600.0
75,Cardiothoracic and Vascular,Open Lobectomy,590800.0
76,Cardiothoracic and Vascular,Open Lung Biopsy,350000.0
77,Cardiothoracic and Vascular,Open Patent Ductus Arteriosus (PDA) surgery,313600.0
78,Cardiothoracic and Vascular,Open Pneumonectomy,280000.0
79,Cardiothoracic and Vascular,Open Removal of Esophageal Foreign Body,554400.0
80,Cardiothoracic and Vascular,Open Removal of Tracheal / Bronchial Foreign Body,554400.0
81,Cardiothoracic and Vascular,Other aneurysms repair,392000.0
82,Cardiothoracic and Vascular,Pacemaker Change of battery,134400.0
83,Cardiothoracic and Vascular,Partial Atrioventricular Canal Defect Repair,784000.0
84,Cardiothoracic and Vascular,Pericardial Catheterization,89600.0
85,Cardiothoracic and Vascular,Pericardial Window,89600.0
86,Cardiothoracic and Vascular,Pericardiectomy,554400.0
87,Cardiothoracic and Vascular,Pericardiocentesis,56000.0
88,Cardiothoracic and Vascular,Peripheral Vascular Disease (PAD) Bypass Grafting,392000.0
89,Cardiothoracic and Vascular,Peripheral Vascular Disease (PAD) Embolectomy,168000.0
90,Cardiothoracic and Vascular,Peripheral Vascular Disease (PAD) Endovascular Balloon Angioplasty,280000.0
91,Cardiothoracic and Vascular,Peripheral Vascular Disease (PAD) Endovascular Stenting,280000.0
92,Cardiothoracic and Vascular,Peripheral Vascular Disease (PAD) Vascular Amputation,350000.0
93,Cardiothoracic and Vascular,Pleurodesis,144200.0
94,Cardiothoracic and Vascular,Primary Open Pacemaker implantation,224000.0
95,Cardiothoracic and Vascular,Pulmonary Artery Banding,481600.0
96,Cardiothoracic and Vascular,Repair of Ruptured Diaphragm,145600.0
97,Cardiothoracic and Vascular,Simple Thoracotomy - Retained Haemothrax / Duct ligation / pleurodesis / FB removal,201600.0
98,Cardiothoracic and Vascular,Simple tracheal / Bronchial fistula repairs,224000.0
99,Cardiothoracic and Vascular,Splenorenal shunt,112000.0
100,Cardiothoracic and Vascular,Subfascial DVT ligation + skin graft,89600.0
101,Cardiothoracic and Vascular,Tetralogy of Fallot Repair,952000.0
102,Cardiothoracic and Vascular,Thoracic Aortic Aneurysm Repair (Open),392000.0
103,Cardiothoracic and Vascular,Thoracic Endovascular Aneurysm Repair (TEVAR),2186800.0
104,Cardiothoracic and Vascular,Thoracotomy,350000.0
105,Cardiothoracic and Vascular,Tracheal Stenosis Resection and Anastomosis,747600.0
106,Cardiothoracic and Vascular,Tracheal / Bronchial Reconstruction,358400.0
107,Cardiothoracic and Vascular,Transcatheter percutaneous device PDA closure,414400.0
108,Cardiothoracic and Vascular,Traumatic Tracheal / Bronchial Disruption repair and anastomosis,747600.0
109,Cardiothoracic and Vascular,Traumatic Vascular Injury Repair,145600.0
110,Cardiothoracic and Vascular,Tube Thoracostomy,144200.0
111,Cardiothoracic and Vascular,Vascular Exposure and Safeguarding for Anterior Lumbar Interbody Fusion,498400.0
112,Cardiothoracic and Vascular,Venous Insufficiency Laser Ablation,263200.0
113,Cardiothoracic and Vascular,Venous Insufficiency Perforator Ligation,229600.0
114,Cardiothoracic and Vascular,Venous Insufficiency Radiofrequency Ablation,271600.0
115,Cardiothoracic and Vascular,Venous Insufficiency Stripping,229600.0
116,Cardiothoracic and Vascular,Ventricular Septal Defect Closure,868000.0
117,Cardiothoracic and Vascular,Vessel bypass Surgery,246400.0
118,Cardiothoracic and Vascular,Video Assisted Thoracoscopic Surgery (VATS) Decortication,224000.0
119,Cardiothoracic and Vascular,Video Assisted Thoracoscopic Surgery (VATS) Lobectomy,590800.0
120,Cardiothoracic and Vascular,Video Assisted Thoracoscopic Surgery (VATS) Pneumonectomy,280000.0
121,Ear Nose & Throat,Block dissection of the neck,224000.0
122,Ear Nose & Throat,Cochlea operations,358400.0
123,Ear Nose & Throat,Excision and reconstruction of head and neck tumours,257600.0
124,Ear Nose & Throat,Excision of pharyngeal diverticulum,168000.0
125,Ear Nose & Throat,Facial nerve decompression,358400.0
126,Ear Nose & Throat,Laryngectomy (Partial),201600.0
127,Ear Nose & Throat,Laryngectomy (Total),280000.0
128,Ear Nose & Throat,Laryngectomy with radical neck dissection,336000.0
129,Ear Nose & Throat,Middle ear tumour excision,224000.0
130,Ear Nose & Throat,Total / Radical parotidectomy,168000.0
131,Ear Nose & Throat,"EUA and biopsy of nasopharynx, ears, nose",28000.0
132,Ear Nose & Throat,Frontal sinus trephination,22400.0
133,Ear Nose & Throat,Maxillary Artery Ligation,67200.0
134,Ear Nose & Throat,MUA # nose,33600.0
135,Ear Nose & Throat,Removal of FB in ear or nose (paediatrics under GA),61600.0
136,Ear Nose & Throat,Adenoidectomy,72240.0
137,Ear Nose & Throat,Adenotonsillectomy (Ts 7 As),77840.0
138,Ear Nose & Throat,Cricotracheal reconstruction,89600.0
139,Ear Nose & Throat,Direct laryngoscopy and biopsy,50400.0
140,Ear Nose & Throat,Excision of submandibular gland,89600.0
141,Ear Nose & Throat,Frontal mucocele,78400.0
142,Ear Nose & Throat,Functional endoscopic sinus surgery (FESS),123200.0
143,Ear Nose & Throat,Hemiglossectomy,89600.0
144,Ear Nose & Throat,Intranasal ethmoidectomy,112000.0
145,Ear Nose & Throat,Laryngocele excision,89600.0
146,Ear Nose & Throat,"Lateral Rhinotomy (due to tumour, scars or congenital)",67200.0
147,Ear Nose & Throat,Maxillectomy,134400.0
148,Ear Nose & Throat,Myringoplasty,67200.0
149,Ear Nose & Throat,Myringotomy,44800.0
150,Ear Nose & Throat,Nasal polypectomy,67200.0
151,Ear Nose & Throat,Radical mastoidectomy,145600.0
152,Ear Nose & Throat,"Rhinoplasty: Soft and bony tissue (Tumours, congenital, trauma)",89600.0
153,Ear Nose & Throat,"Rhinoplasty: Soft tissue (Tumors, congenital, trauma)",89600.0
154,Ear Nose & Throat,"Septoplasty (Tumors, congenital, trauma)",44800.0
155,Ear Nose & Throat,Simple mastoidectomy,44800.0
156,Ear Nose & Throat,Submucous resection of nasal septum,44800.0
157,Ear Nose & Throat,Superficial Parotidectomy,89600.0
158,Ear Nose & Throat,T.I.T. and Intranasal Antrostomy,100800.0
159,Ear Nose & Throat,T.I.T. and Turbinoplasty,100800.0
160,Ear Nose & Throat,Tonsillectomy,56000.0
161,Ear Nose & Throat,Transplatatal excision of Choanal atresia,89600.0
162,Ear Nose & Throat,Tympanoplasty,78400.0
163,Ear Nose & Throat,Uvulopalatopharyngoplasty,78400.0
164,Ear Nose & Throat,Vocal Cord lateralisation,112000.0
165,General,Abdominoperineal resection (APR - tumor),134400.0
166,General,Anterior Resection of Rectum,123200.0
167,General,Appendicectomy,67200.0
168,General,Bilateral Herniotomy,56000.0
169,General,Bilateral Herniotomy + orchidopexy,56000.0
170,General,Bilateral inguinal herniorrapphy,56000.0
171,General,Bilateral Orchidopexy,56000.0
172,General,Bowel resection and anastomosis,112000.0
173,General,Breast Lumpectomy under GA,22400.0
174,General,Cervical lymph node biopsy,11200.0
175,General,Cholecystectomy,89600.0
176,General,Closure of Colostomy,89600.0
177,General,Colostomy,89600.0
178,General,diathermy excision of warts or subcutaneous tissue,8960.0
179,General,Drainage of Breast abscess (only under GA),11200.0
180,General,Excision of Liver hydatid cyst,134400.0
181,General,Excision of Thyroglossal cyst,89600.0
182,General,Exploration of retroperitoneal mass,112000.0
183,General,Exploratory Laparotomy,67200.0
184,General,gastrojejunostomy,134400.0
185,General,Haemorrhoidectomy,44800.0
186,General,Hemicolectomy,134400.0
187,General,Incision & Drainage (Peri anal Abscess),14000.0
188,General,Incision & Drainage Under GA,11200.0
189,General,Incision +drainage head and neck abscess (I&D) under GA,11200.0
190,General,Incision and drainage of ocular abscess or cyst (I&D),5600.0
191,General,Insertion of chest tube / chest aspiration,8960.0
192,General,Intestinal resection + anastomosis,134400.0
193,General,Laparoscopic Niessens fundoplication,212800.0
194,General,Laparotomy for Pyloric stenosis,134400.0
195,General,Lateral Sphincterotomy,44800.0
196,General,Lumbar puncture,5600.0
197,General,Lymph node biopsy,11200.0
198,General,Minor Surgical Toilet Under GA,11200.0
199,General,Needle biopsy: liver,16800.0
200,General,Nerve release and decompression,44800.0
201,General,Oesophagoscopy and removal of FB,8960.0
202,General,Orchidectomy,44800.0
203,General,Paediatric (below 6 years) Circumcision only under GA (phymosis),22400.0
204,General,Paracentesis,5600.0
205,General,Partial Gastrectomy,123200.0
206,General,Primary repair of incisional hernia laparoscopic,56000.0
207,General,Radical Mastectomy (To include lymph nodes clearance),134400.0
208,General,Repair minor scalp wounds / lacerations under GA,11200.0
209,General,Repair of burst abdomen,44800.0
210,General,Repair of epigastric hernia,56000.0
211,General,Repair of hiatus hernia,168000.0
212,General,Repair of incisional hernia (with mesh),78400.0
213,General,Repair of perforated duodenal ulcer,134400.0
214,General,Repair of previous incision in abdominal wall,78400.0
215,General,Repair of strangulated hernias,89600.0
216,General,Repair of umbilical hernia (with mesh),44800.0
217,General,Simple Mastectomy,89600.0
218,General,Skin biopsy,8960.0
219,General,Splenectomy,134400.0
220,General,Stripping of bilateral varicose veins,78400.0
221,General,Subdural haematoma Evacuation,134400.0
222,General,"Surgical Debridement / Escharectomy: (Minor, Medium & Major), traumatic, pressure sores, diabetic and burns (Under GA)",33600.0
223,General,Surgical toilet under GA,11200.0
224,General,Thyroidectomy,134400.0
225,General,Total Gastrectomy,134400.0
226,General,Total Oesophagectomy,504000.0
227,General,Tracheostomy,44800.0
228,General,Transverse Colectomy,134400.0
229,General,Unilateral Adrenalectomy,168000.0
230,General,Unilateral femoral herniorrhaphy,56000.0
231,General,Unilateral gynaecomastia correction,56000.0
232,General,Unilateral Herniotomy,56000.0
233,General,Unilateral Herniotomy + orchidopexy,56000.0
234,General,Unilateral Orchidopexy,56000.0
235,General,Unilateral sympathectomy,56000.0
236,General,Vagotomy + drainage,56000.0
237,Interventional Radiology,4 - vessel cereral Angiography / Carotid Angiography (unilateral or bilateral) vertebral angiogram,61600.0
238,Interventional Radiology,Balloon Angioplasty,145600.0
239,Interventional Radiology,Bilateral nephrostomy tube insertion,72800.0
240,Interventional Radiology,Biliary stenting,112000.0
241,Interventional Radiology,CT guided bone biopsy,22400.0
242,Interventional Radiology,CT guided lung biopsy,22400.0
243,Interventional Radiology,DJ stenting bilateral,56000.0
244,Interventional Radiology,DJ stenting unilateral,56000.0
245,Interventional Radiology,Embolization / Carotid / Renal / Hepatic (no coils),224000.0
246,Interventional Radiology,"Embolization / Carotid / Renal / Hepatic (no coils, embolization material and microcatheter)",168000.0
247,Interventional Radiology,Embolization / Carotid / Renal / Hepatic (no micro catheter),280000.0
248,Interventional Radiology,Fallopian tube Catheterization,61600.0
249,Interventional Radiology,Flush Aortogram / Renal Artery / Hepatic (with embolization material and microcatheter,246400.0
250,Interventional Radiology,Image guided chemo port insertion (adult),15000.0
251,Interventional Radiology,Image guided chemo port insertion (paediatric),20000.0
252,Interventional Radiology,Image guided CVC insertion,15568.0
253,Interventional Radiology,Image guided dialysis catheter insertion,36176.0
254,Interventional Radiology,Image guided gastrotomy tube / nasojejunal tube insertion (without tube),11200.0
255,Interventional Radiology,Image guided PICC line insertion,31024.0
256,Interventional Radiology,Internalization of biliary tube,50400.0
257,Interventional Radiology,Lower limb / upper limb arteriogram bilateral,58800.0
258,Interventional Radiology,Lower limb / upper limb arteriogram unilateral,54880.0
259,Interventional Radiology,Neuro - embolization,392000.0
260,Interventional Radiology,PTC / Biliary drainage,89600.0
261,Interventional Radiology,PTC / Biliary drainage (tubes not available),56000.0
262,Interventional Radiology,PTC / Biliary drainage and stenting (stent available),190400.0
263,Interventional Radiology,Ultrasound guided abdominal and peripheral biopsies,22400.0
264,Interventional Radiology,Ultrasound guided ascites drainage / abscess drainage,22400.0
265,Interventional Radiology,Ultrasound guided bilateral pleural effusion drainage,44800.0
266,Interventional Radiology,Ultrasound guided breast / prostate biopsies,16800.0
267,Interventional Radiology,Ultrasound guided unilateral pleural effusion drainage,22400.0
268,Interventional Radiology,Unilateral nephrostomy tube insertion,47040.0
269,Maxillofacial,Bilateral Open Joint Arthroplasty with condylar add - on,392000.0
270,Maxillofacial,Bilateral Open Joint Arthroplasty with costochondral graft+ / - Temporalis fascia,336000.0
271,Maxillofacial,Cheiloplasty without Flap closure,44800.0
272,Maxillofacial,Closed reduction # Mandible / Maxilla / MMF,134400.0
273,Maxillofacial,Closed Rhinoplasty,56000.0
274,Maxillofacial,Closure Cleft Oronasal Fistula + Bone graft,168000.0
275,Maxillofacial,Closure Cleft Oronasal Fistula with no Bone graft,112000.0
276,Maxillofacial,Closure Oro - Antral fistula without flap,44800.0
277,Maxillofacial,Complex nerve exploration+microsurgical repair,168000.0
278,Maxillofacial,Complex Salivary gland Sialedenectomy / Tumours excision+ / - RMND,336000.0
279,Maxillofacial,ComplexFacial STR+Viin / Parotid Duct Repair,112000.0
280,Maxillofacial,Coronoidectomy,89600.0
281,Maxillofacial,Costocondral graft to Mandible post Tumour resection and implant,168000.0
282,Maxillofacial,Debridement of Necrotising Orofacial infections per theatre encounter,44800.0
283,Maxillofacial,Elevation # Zygoma: ORIF,145600.0
284,Maxillofacial,Elevation #Zygoma: Closed,56000.0
285,Maxillofacial,Enucleation Mandibular / Maxillary cyst,67200.0
286,Maxillofacial,EUA Diagnostic for Oro - facial / Biopsy,28000.0
287,Maxillofacial,Excision of Complex facial Hemangioma / Lymphangioma,201600.0
288,Maxillofacial,Excision of Head / Neck lipoma >8cm,33600.0
289,Maxillofacial,Excision Of Oral / Facial Odontogenic tumors,280000.0
290,Maxillofacial,Excision of Scalp lesion + / - Wolfe graft,78400.0
291,Maxillofacial,Excision of Simple facial Hemangioma / Lymphangioma,89600.0
292,Maxillofacial,Excision / Revision Facial scar,44800.0
293,Maxillofacial,Excisionof Oral / Facial BCC + Local Flap Reconstruction,280000.0
294,Maxillofacial,Exploration of Submandibular / Parotid Gland duct w / stent,112000.0
295,Maxillofacial,Exploration / removal Cranio - Facial Foreign bodies,145600.0
296,Maxillofacial,Exploration / removal Cranio - Facial Foreign bodies (minor),33600.0
297,Maxillofacial,Exploration / Graft orbital fracture,201600.0
298,Maxillofacial,Facial Soft tissue Repair,44800.0
299,Maxillofacial,Fractures of Upper face and cranioplasty,336000.0
300,Maxillofacial,Full thickness skin graft to oral defect -,89600.0
301,Maxillofacial,Functional Orthognathic surgeries of the Maxilla / Mandible,308000.0
302,Maxillofacial,Lip shave and mucosal advancement flap,112000.0
303,Maxillofacial,Mandibular fractures (ORIF),145600.0
304,Maxillofacial,Mandibular / Maxillary Autogenous bone graft,168000.0
305,Maxillofacial,Mandibulectomy plus Reconstruction / Plating,224000.0
306,Maxillofacial,Mandibulectomy / Maxillectomy plus Microvascular Bone graft,224000.0
307,Maxillofacial,Maxillectomy + Obturator,179200.0
308,Maxillofacial,Mid face fractures,145600.0
309,Maxillofacial,Oral / facial / Catilage Onlay graft,112000.0
310,Maxillofacial,Panfacial fractures,392000.0
311,Maxillofacial,Post condylar cartilage Bilateral graft,168000.0
312,Maxillofacial,Reduction of Alveolar fracture closed,33600.0
313,Maxillofacial,Reduction of Alveolar fracture Open,145600.0
314,Maxillofacial,Removal of Bone plates,89600.0
315,Maxillofacial,Removal of branchial cyst / sinus / Ranula,89600.0
316,Maxillofacial,Revision Cleft Lip / Nose,89600.0
317,Maxillofacial,Revision Palatoplasty - MicroVascular and Donor site graft,280000.0
318,Maxillofacial,Revision Palatoplasty - Rotational Flap,145600.0
319,Maxillofacial,Revision Vestibulopalsty + Skin graft,201600.0
320,Maxillofacial,RMND+ Mandibulectomy / Maxillectomy with Microvascular Free Flap,358400.0
321,Maxillofacial,RMND+Pedicled Flap Mandibulectomy / Maxillectomy + / - Implant,280000.0
322,Maxillofacial,Salivary Duct Redirection (Wilkie procedure),89600.0
323,Maxillofacial,Secondary Craniofacial Reconstruction,392000.0
324,Maxillofacial,Segmental Osteotomy Mandible / Maxilla,168000.0
325,Maxillofacial,Sequestrectomy / Decortication Mandible Maxilla,67200.0
326,Maxillofacial,Simple Nerve exploration + repair,112000.0
327,Maxillofacial,Simple Salivary Gland Sialedonectomy / Sialolithectomy,100800.0
328,Maxillofacial,Simple Vestibulopalsty + Skin graft,89600.0
329,Maxillofacial,Superficial Parotidectomy,89600.0
330,Maxillofacial,Temporalis / Masseter Myotomy,112000.0
331,Maxillofacial,TMJ Arthroscopy,44800.0
332,Maxillofacial,Torticollis / Fibromatosis Colli Correction,145600.0
333,Neurosurgery,Acrylic Cranioplasty,224000.0
334,Neurosurgery,Anterior cervical fusion - AO plating / POSTERIOR DECOMPRESSION,448000.0
335,Neurosurgery,Application of skull calipers,56000.0
336,Neurosurgery,Brain abscess,268800.0
337,Neurosurgery,Brain Biopsy procedure,112000.0
338,Neurosurgery,Clipping of cerebral artery,448000.0
339,Neurosurgery,Craniotomy for Aneurysm,504000.0
340,Neurosurgery,Craniotomy for AV malformation,336000.0
341,Neurosurgery,Craniotomy for Intracelebral haematoma,336000.0
342,Neurosurgery,Craniotomy for Brain Tumour,504000.0
343,Neurosurgery,Elevation of depressed skull fracture,168000.0
344,Neurosurgery,Endoscopic Third Ventriculostomy w Choroid Plexux Cauterization (ETV / CPC),208000.0
345,Neurosurgery,EVD Insertion / ICP Monitoring,112000.0
346,Neurosurgery,Excision of intracranial nerve lesions,280000.0
347,Neurosurgery,Excision of spinal tumours,280000.0
348,Neurosurgery,Extradural haematoma,112000.0
349,Neurosurgery,Laminectomy for cervical / thoracic / or lumbar spine,145600.0
350,Neurosurgery,Microdiscectomy,145600.0
351,Neurosurgery,Microsurgical nerve graft / Nerve repair / exploration / microsurgical anastomosis,145600.0
352,Neurosurgery,Posterior fossa surgery,504000.0
353,Neurosurgery,Repair of Dura for non - trauma / non cancer related,224000.0
354,Neurosurgery,Spina Bifida Surgery / encephalocoele,168000.0
355,Neurosurgery,Spinal fusions with implants II level,280000.0
356,Neurosurgery,Spinal fusions with implants III level,313600.0
357,Neurosurgery,Spinal fusions with implants IV level,313600.0
358,Neurosurgery,Surgical Toilet and repair of major scalp wounds under GA,67200.0
359,Neurosurgery,Surgical Toilet for scalp tumour under GA,67200.0
360,Neurosurgery,Ventriculoperitoneal (VP) shunting,210000.0
361,Neurosurgery,VP shunting,100800.0
362,Obs & Gyn,AP colpoperineorrhaphy,89600.0
363,Obs & Gyn,bilateral tubal ligation,28000.0
364,Obs & Gyn,Cerclage,22400.0
365,Obs & Gyn,Colposuspension + D&C,33600.0
366,Obs & Gyn,Cornual Wedge resection for Interstitial Ectopic Pregnancy,134400.0
367,Obs & Gyn,D & C + Cone biopsy,28000.0
368,Obs & Gyn,Diagnostic / Dye Laparoscopy,22400.0
369,Obs & Gyn,Dilation and Curettage for incomplete abortion / miscarriage,66000.0
370,Obs & Gyn,Laparotomy: Endometriosis Surgery,134400.0
371,Obs & Gyn,Laparotomy: Exploratory / Adhesiolysis,134400.0
372,Obs & Gyn,Laparotomy: Hysterectomy (Abdominal),89600.0
373,Obs & Gyn,Laparotomy: Metroplasty / Uteroplasty,134400.0
374,Obs & Gyn,Laparotomy: Myomectomy,89600.0
375,Obs & Gyn,Laparotomy: Ovarian cystectomy,89600.0
376,Obs & Gyn,Laparotomy: Pelvic Abscess,134400.0
377,Obs & Gyn,Laparotomy: Ruptured ectopic pregnancy,134400.0
378,Obs & Gyn,Laparotomy: Salpingo – oopherectomy,134400.0
379,Obs & Gyn,Laparotomy: Tuboplasty,89600.0
380,Obs & Gyn,Laparotomy: Vaginal Hysterectomy,89600.0
381,Obs & Gyn,LLETZ (Loop excision),22400.0
382,Obs & Gyn,Manchester Repair,134400.0
383,Obs & Gyn,Manual Vaccum Aspiriation,11200.0
384,Obs & Gyn,Marsupialisation of Batholins Cyst / Abscess,16800.0
385,Obs & Gyn,Obstetric Examination under GA,33000.0
386,Obs & Gyn,Operative Hysteroscopy: Avulsion of Endometrial Polyps,22400.0
387,Obs & Gyn,Operative Hysteroscopy: Biopsy,22400.0
388,Obs & Gyn,Operative Hysteroscopy: Endometrial Ablation,33600.0
389,Obs & Gyn,Operative Hysteroscopy: Resection of Submucous Fibroid,22400.0
390,Obs & Gyn,Operative Hysteroscopy: Retrieval of lost / fragmented IUCD,8960.0
391,Obs & Gyn,Operative Hysteroscopy: Synechiolysis / Septolysis,33600.0
392,Obs & Gyn,Operative Laparoscopy: Adhesiolysis,134400.0
393,Obs & Gyn,Operative Laparoscopy: Ectopic Pregnancy,134400.0
394,Obs & Gyn,Operative Laparoscopy: Endometriosis Surgery,134400.0
395,Obs & Gyn,Operative Laparoscopy: Hysterectomy,89600.0
396,Obs & Gyn,Operative Laparoscopy: Myomectomy,89600.0
397,Obs & Gyn,Operative Laparoscopy: Ovarian Cystectomy / Drilling,89600.0
398,Obs & Gyn,Operative Laparoscopy: Tuboplasty,89600.0
399,Obs & Gyn,Ovarian cancer resection (Pelvic clearance),246400.0
400,Obs & Gyn,Radical Vulvectomy,168000.0
401,Obs & Gyn,removal of retained placenta under GA,11200.0
402,Obs & Gyn,Repair of rectovaginal fistula,89600.0
403,Obs & Gyn,Repair of ruptured uterus / Caesarian Hysterectomy,134400.0
404,Obs & Gyn,Repair of vesicovaginal fistula,89600.0
405,Obs & Gyn,Resuturing of burst abdomen,44800.0
406,Obs & Gyn,Simple Vulvectomy,44800.0
407,Obs & Gyn,Wertheim’s Hysterectomy (Oncology only),246400.0
408,Ophthalmic,A / B Scan,2240.0
409,Ophthalmic,Ahmed Valve,169000.0
410,Ophthalmic,Amniotic Membrane grafting (Large),28000.0
411,Ophthalmic,Anterior Chamber reformation and bandage contact lens,14560.0
412,Ophthalmic,Anterior Chamber Tap,8960.0
413,Ophthalmic,Anterior Chamber Washout,16800.0
414,Ophthalmic,Anterior Stromal Puncture with Bandage Contact Lens,14560.0
415,Ophthalmic,Anterior Vitrectomy + Lensectomy,112000.0
416,Ophthalmic,Biometry,3360.0
417,Ophthalmic,Bleb revision,16800.0
418,Ophthalmic,Blepharoplasty / Blepharotomy,84000.0
419,Ophthalmic,Bullae Rupture with Bandage Contact Lens,8960.0
420,Ophthalmic,"Canthus Procedures (Cantholysis, Canthoplasty, Canthotomy)",28000.0
421,Ophthalmic,Cataract extraction SICS,30000.0
422,Ophthalmic,Cataract extraction with implant - Phaco ALCON,60000.0
423,Ophthalmic,Cataract extraction with implant - Phaco IOL,60000.0
424,Ophthalmic,Conjunctival DCR plus tube,112000.0
425,Ophthalmic,Conjunctival Excision + Major Reconstruction,44800.0
426,Ophthalmic,Conjunctival Incision biopsy (including histopathology),44800.0
427,Ophthalmic,Corneal Tomo / Topography,3360.0
428,Ophthalmic,Corneal transplant + Cataract Extraction + Intraocular lens implant,280000.0
429,Ophthalmic,Corneal / Scleral Perforation repair,112000.0
430,Ophthalmic,Crosslinking,111000.0
431,Ophthalmic,Cyclocryotherapy,16800.0
432,Ophthalmic,Cyclophotocoagulation,16800.0
433,Ophthalmic,DCR revision,89600.0
434,Ophthalmic,DCR / Fistulectomy,145600.0
435,Ophthalmic,Ectropion repair minor and major,39200.0
436,Ophthalmic,Entropion repair minor and major,39200.0
437,Ophthalmic,Epiblepharon repair,39200.0
438,Ophthalmic,Evisceration + implant,44800.0
439,Ophthalmic,Flourescein Angiography,22400.0
440,Ophthalmic,Intraocular lens exchange,33600.0
441,Ophthalmic,Intraocular lens redialing,11200.0
442,Ophthalmic,Intravitreal Antibiotics / Steroid,7840.0
443,Ophthalmic,Intravitreal AntiFungal Injection,11200.0
444,Ophthalmic,Intravitreal Bevazicumab,11200.0
445,Ophthalmic,Intravitreal Dexamethasone implant,84000.0
446,Ophthalmic,Intravitreal Triamcinolone,7840.0
447,Ophthalmic,Iridolysis,22400.0
448,Ophthalmic,Lacrimal glands prolapse repair,56000.0
449,Ophthalmic,Lacrimal Probing and Syringing (adults),16800.0
450,Ophthalmic,Lacrimal Probing and Syringing (pediatrics),33600.0
451,Ophthalmic,Laser suturelysis,11200.0
452,Ophthalmic,Lash electrolysis,11200.0
453,Ophthalmic,Lid splitting +cryotherapy,33600.0
454,Ophthalmic,Lid tumour Excision + major reconstruction,78400.0
455,Ophthalmic,Lid tumour Excision biopsy,46000.0
456,Ophthalmic,Lid tumour Incision biopsy,46000.0
457,Ophthalmic,Macula Hole Surgery,224000.0
458,Ophthalmic,OCT Angiography,7840.0
459,Ophthalmic,OCT Anterior,3360.0
460,Ophthalmic,OCT Posterior,3360.0
461,Ophthalmic,Ocular prosthesis,11200.0
462,Ophthalmic,Orbital implant removal,22400.0
463,Ophthalmic,Orbitotomy (lateral / anterior),112000.0
464,Ophthalmic,Penetrating Keratoplasty (PKP),257600.0
465,Ophthalmic,Photodocumentation,3360.0
466,Ophthalmic,Posterior Victrectomy - Foreign Body,145600.0
467,Ophthalmic,Posterior Victrectomy - Sunk Nucleus,145600.0
468,Ophthalmic,Posterior Vitrectomy,168000.0
469,Ophthalmic,Posterior Vitrectomy + band / buckle,224000.0
470,Ophthalmic,Posterior Vitrectomy + band / buckle + Cataract surgery,257600.0
471,Ophthalmic,Posterior Vitrectomy + Cataract surgery,201600.0
472,Ophthalmic,Posterior Vitrectomy + Delamination + Oil,224000.0
473,Ophthalmic,"Pre - Descemets EndothelialKeratoplasty (DALK, DSAEK, DMEK)",313600.0
474,Ophthalmic,Pterygium excision with conjunctival autograft,33600.0
475,Ophthalmic,Ptosis repair / revision,56000.0
476,Ophthalmic,"Ptosis Surgery: Anterior levator repair / resection, frontalis sling susp",78400.0
477,Ophthalmic,Punctoplasty / canaliculoplasty,22400.0
478,Ophthalmic,Pupiloplasty,22400.0
479,Ophthalmic,Retinopexy (Silicon Oil / Gas Insertion),44800.0
480,Ophthalmic,Scleral buckle + Cyrotherapy or Laser,100800.0
481,Ophthalmic,Scleral buckle removal,56000.0
482,Ophthalmic,Socket reconstruction minor,61600.0
483,Ophthalmic,Specular Microscopy,3360.0
484,Ophthalmic,Squint Surgeries (all),134400.0
485,Ophthalmic,Surgical Peripheral Iridectomy,16800.0
486,Ophthalmic,Tarsorrhaphy temporary,16800.0
487,Ophthalmic,Trabeculectomy + Phacoemulsification cataract surgery,78400.0
488,Ophthalmic,Trabeculectomy + Small Incision Cataract surgery,44800.0
489,Ophthalmic,Trabeculectomy with Mitomycin C,33600.0
490,Ophthalmic,Trabeculotomy / Goniotomy,56000.0
491,Ophthalmic,Ultrasound Biomicrcopy (UBM),3360.0
492,Ophthalmic,YAG Iridotomy,11200.0
493,Orthopaedic,Above elbow Amputation,67200.0
494,Orthopaedic,Above knees Amputation,67200.0
495,Orthopaedic,ACL / PCL repair,280000.0
496,Orthopaedic,Angle plating fracture neck of femur,168000.0
497,Orthopaedic,"Arthrodesis Hip, Knee, Ankle or Elbow with implants",168000.0
498,Orthopaedic,Arthrodesis vertebral joints,224000.0
499,Orthopaedic,Arthroscopic Bankart repair,280000.0
500,Orthopaedic,Arthroscopic Synovectomy,168000.0
501,Orthopaedic,Arthrotomy,89600.0
502,Orthopaedic,Below elbow Amputation,67200.0
503,Orthopaedic,Below knees Amputation,67200.0
504,Orthopaedic,Bone grafting,89600.0
505,Orthopaedic,Carpal tunnel decompression,56000.0
506,Orthopaedic,Cervical rib resection,112000.0
507,Orthopaedic,Chondroplasty,168000.0
508,Orthopaedic,Closed manipulation of dislocations / fractures under GA,16800.0
509,Orthopaedic,Contracture release without flaps,44800.0
510,Orthopaedic,Excision head of fibula,67200.0
511,Orthopaedic,Excision head of radius,67200.0
512,Orthopaedic,Excision of Bunion (simple and bilateral under GA),11200.0
513,Orthopaedic,Excision of calcaneal spurs,44800.0
514,Orthopaedic,Excision of intervertebral disc,145600.0
515,Orthopaedic,Exploration of Osteomyelitis / sequestrectomy,67200.0
516,Orthopaedic,External clamp application and Debridement,145600.0
517,Orthopaedic,Extra articular repair of joint ligament and implants,168000.0
518,Orthopaedic,Fasciectomy,44800.0
519,Orthopaedic,Femoral epiphysis reduction / fixation (SUFE)with implants,168000.0
520,Orthopaedic,Hallux valgus operation,44800.0
521,Orthopaedic,Ilizarov procedure,168000.0
522,Orthopaedic,Insertion of Steinmann pin,22400.0
523,Orthopaedic,Intra articular Surgery (large joints),145600.0
524,Orthopaedic,Intra articular Surgery (medium joints),145600.0
525,Orthopaedic,Intra articular Surgery (small joints),145600.0
526,Orthopaedic,Joint aspirations under GA,8960.0
527,Orthopaedic,Meniscus repair,280000.0
528,Orthopaedic,Menisectomy,67200.0
529,Orthopaedic,Mild club foot correction,56000.0
530,Orthopaedic,Moderate / severe club foot correction,56000.0
531,Orthopaedic,Open bone biopsy,44800.0
532,Orthopaedic,Open reduction and internal fixation: Clavicle,145600.0
533,Orthopaedic,Open reduction and internal fixation: Femur,145600.0
534,Orthopaedic,Open reduction and internal fixation: Humerus,145600.0
535,Orthopaedic,Open reduction and internal fixation: Pelvis,224000.0
536,Orthopaedic,Open reduction and internal fixation: Radius / Ulna,145600.0
537,Orthopaedic,Open Synovectomy,56000.0
538,Orthopaedic,Operative Arthroscopy with implants,80640.0
539,Orthopaedic,Osteotomy and implants,89600.0
540,Orthopaedic,Puttiplatt procedure for shoulder dislocation / Weber Osteotomy,89600.0
541,Orthopaedic,Removal of hardware (plates & nails),89600.0
542,Orthopaedic,Removal of hardware (wires),22400.0
543,Orthopaedic,Removal of Steinmann pin,22400.0
544,Orthopaedic,Revision of Total Hip or Knee (Including implants),280000.0
545,Orthopaedic,Rotator cuff repair,280000.0
546,Orthopaedic,Scoliosis correction,291200.0
547,Orthopaedic,Stabilisation of Patella,89600.0
548,Orthopaedic,Subacromial decompression,201600.0
549,Orthopaedic,Syndactyly / polydactyly correction,44800.0
550,Orthopaedic,Synovectomy: Small joints,33600.0
551,Orthopaedic,Tendon repair (others),145600.0
552,Orthopaedic,Tendon repair: Achiles tendon / Patella tendons / Quadriceps,145600.0
553,Orthopaedic,Tendon transfer,145600.0
554,Orthopaedic,Toes and fingers Disarticulation,33600.0
555,Orthopaedic,Total hipreplacement (THR) (Including implants),336000.0
556,Orthopaedic,Total knee replacement (TKR) (Including implants),336000.0
557,Orthopaedic,Wedge tarsectomy,145600.0
558,Paediatric,"Hirschsprung's disease procedure a) Laparotomy, biopsy, colostomy",134400.0
559,Paediatric,"Hirschsprung's disease procedure b) Abdominoperineal pull through (Soave, Swenson)",201600.0
560,Paediatric,Hirschsprung's disease procedure c) Closure of Colostomy,134400.0
561,Paediatric,Insertion of CAPD catheter,33600.0
562,Paediatric,Insertion of underwater seal drainage (Paediatric under GA),33600.0
563,Paediatric,Laparotomy: Intestinal resection + anastomasis,134400.0
564,Paediatric,Laparotomy: Intussusception,134400.0
565,Paediatric,Laparotomy: Tumours,168000.0
566,Paediatric,Laparotomy: Volvulus,134400.0
567,Paediatric,Rectosigmoidectomy,134400.0
568,Paediatric,Resection of posterior / anterior urethral valves,89600.0
569,Paediatric,Urethroplasty for hypospadies and epispadies,134400.0
570,Plastic,Advancement flaps (CANCERS / TRAUMA),112000.0
571,Plastic,Cleft lip and palate repair (Unilateral / Bilateral),112000.0
572,Plastic,Cleft lip repair (Unilateral / Bilateral),56000.0
573,Plastic,Cleft palate repair,89600.0
574,Plastic,Insertion of tissue expander,168000.0
575,Plastic,Lip reconstruction (ONLY for RTA and Tumors),89600.0
576,Plastic,Posterior Sagittal Anorectalplasty (PSARP) for anorectal malformation (High ARM),201600.0
577,Plastic,Posterior Sagittal Anorectalplasty (PSARP) for anorectal malformation (Low ARM),134400.0
578,Plastic,Reduction Mammoplasty (bilateral),168000.0
579,Plastic,Removal of tissue expander,33600.0
580,Plastic,Rotation flaps,112000.0
581,Plastic,Skin graft <10 % TBSA,44800.0
582,Plastic,Skin graft > 10% TBSA,89600.0
583,Urological,Anastomotic urethroplasty,112000.0
584,Urological,Anatrophic nephrolithotomy,243000.0
585,Urological,Anterior exenteration and ileal conduit,550000.0
586,Urological,Ascending urethrography,6000.0
587,Urological,Aspiration of hydrocele,10000.0
588,Urological,Bilateral modified inguinal node dissection,450000.0
589,Urological,Bilateral ochidectomy,44800.0
590,Urological,Bilateral radical inguinal node dissection,385000.0
591,Urological,Bipolar fulgration of genital and perineal warts,170000.0
592,Urological,Bipolar fulgration of urethral warts,97000.0
593,Urological,Bladder augmentation surgery,325000.0
594,Urological,Bladder biopsy,16800.0
595,Urological,Bladder diverticulectomy,295000.0
596,Urological,Bladder injury repair,89600.0
597,Urological,Bladder washout,30000.0
598,Urological,Bricker's ileal conduit,268800.0
599,Urological,Combined ascending and descending urethrography,7000.0
600,Urological,Creation of instestinal continent catherizable pouch,424000.0
601,Urological,Cutaneous ureterostomy,270000.0
602,Urological,Direct visual urethrotomy,56000.0
603,Urological,Epispadia urethroplasty,420000.0
604,Urological,Excision and graft peyronies repair,396000.0
605,Urological,Excision of epididymal cyst,195000.0
606,Urological,Excision of patent urachus,250000.0
607,Urological,Female urethral diverticulectomy,320000.0
608,Urological,Femoral hernia repair,180000.0
609,Urological,Flexible cystoscopy and removal of JJ stent,35000.0
610,Urological,Flexible cystoscopy and surveillance for bladder cancer,33600.0
611,Urological,Flexible ureterorenoscopy and laser ablation of ureteric or renal neoplasm,201600.0
612,Urological,Flexible ureterorenoscopy and laser lithotripsy,201600.0
613,Urological,Flexible ureteroscopy,120000.0
614,Urological,Flexible urethrocystoscopy,70000.0
615,Urological,Fournier's gangrene necrosectomy,180000.0
616,Urological,Graft urethroplasty,280000.0
617,Urological,Hydrocelectomy,75000.0
618,Urological,Hypospadia urethroplasty,202000.0
619,Urological,Ileal replacement of ureter,280000.0
620,Urological,Inguinal hernia repair,56000.0
621,Urological,Inguinal ochidopexy,44800.0
622,Urological,Insertion of artificial urethral sphincter,1200000.0
623,Urological,Insertion of female urethral sling,300000.0
624,Urological,Intravesical instillation of chemotherapy for bladder cancer,45000.0
625,Urological,JJ stent placement,56000.0
626,Urological,Laparoscopic ablation of renal cyst,250000.0
627,Urological,Laparoscopic adrenalectomy,168000.0
628,Urological,Laparoscopic donor nephrectomy,200000.0
629,Urological,Laparoscopic ochidopexy,56000.0
630,Urological,Laparoscopic partial nephrectomy,325000.0
631,Urological,Laparoscopic pyelolithotomy,168000.0
632,Urological,Laparoscopic pyeloplasty,145600.0
633,Urological,Laparoscopic radical nephrectomy,280000.0
634,Urological,Laparoscopic radical nephroureterectomy,145600.0
635,Urological,Laparoscopic radical ochidectomy,134400.0
636,Urological,Laparoscopic radical prostatectomy,250000.0
637,Urological,Laparoscopic simple nephrectomy,145600.0
638,Urological,Laparoscopic ureterolithotomy,275000.0
639,Urological,Laparoscopic varicocelectomy,56000.0
640,Urological,Laser cystolithotripsy,234000.0
641,Urological,Laser urethrolithotripsy,168000.0
642,Urological,Laser urethrotomy,56000.0
643,Urological,Mainz II urinary diversion,224000.0
644,Urological,Meatoplasty,44800.0
645,Urological,Micturating cystourethrography,6000.0
646,Urological,Mitrofanoff's appendicovesicostomy,295000.0
647,Urological,Open adrenalectomy,168000.0
648,Urological,Open cystolithotomy,234000.0
649,Urological,Open decortication of renal cyst,250000.0
650,Urological,Open donor nephrectomy,200000.0
651,Urological,Open drainage of renal abscess,89600.0
652,Urological,Open nephrolithotomy,280000.0
653,Urological,Open partial nephrectomy,325000.0
654,Urological,Open pyelolithotomy,168000.0
655,Urological,Open pyeloplasty,145600.0
656,Urological,Open radical nephrectomy,280000.0
657,Urological,Open radical nephrectomy with IVC thrombectomy,850000.0
658,Urological,Open radical nephroureterectomy with bladder cuff,325000.0
659,Urological,Open radical prostatectomy,250000.0
660,Urological,Open Renorrhaphy,145600.0
661,Urological,Open simple nephroureterectomy,145600.0
662,Urological,Open simple prostatectomy,280000.0
663,Urological,Open suprapubic catheterization,8960.0
664,Urological,Open ureterolithotomy,275000.0
665,Urological,Open varicocelectomy,56000.0
666,Urological,Orthotopic neobladder reconstruction,424000.0
667,Urological,Partial cystectomy,223000.0
668,Urological,Partial glansectomy,120000.0
669,Urological,Partial penectomy,168000.0
670,Urological,Pelvic fracture urethral defect (PFUD) urethroplasty,398000.0
671,Urological,Percutaneous ablation of renal cyst,280000.0
672,Urological,Percutaneous cystolithotripsy,280000.0
673,Urological,Percutaneous drainage of renal abscess,89600.0
674,Urological,Percutaneous nephrolithotomy (PCNL),336000.0
675,Urological,Percutaneous nephrostomy,143360.0
676,Urological,Percutaneous prograde JJ stenting,295000.0
677,Urological,Percutaneous prograde nephrostogram,295000.0
678,Urological,Percutaneous removal of retained JJ stent,295000.0
679,Urological,Percutaneous resection and ablation of urothelial tumors,295000.0
680,Urological,Percutaneous suprapubic catheterization,8960.0
681,Urological,Pericatheter urethrography,6500.0
682,Urological,Perineal urethrostomy,280000.0
683,Urological,Plication Peyronie's repair,245000.0
684,Urological,Post circumcision repair,80000.0
685,Urological,Posterior urethral valve ablation,295000.0
686,Urological,Prostate biopsy,16800.0
687,Urological,Proximal shunt of priapism,250000.0
688,Urological,Radical cystoprostatectomy and ileal conduit INC ICU stay,850000.0
689,Urological,Radical inguinal ochidectomy,134400.0
690,Urological,Radical penectomy with perineal urethrostomy,450000.0
691,Urological,Radical urethrectomy,375000.0
692,Urological,Recipient kidney transplantation,800000.0
693,Urological,Repair of bladder extrophy,490000.0
694,Urological,Repair of colovesical fistula,112000.0
695,Urological,Repair of cystocele with mesh,280000.0
696,Urological,Repair of fracture penis,246400.0
697,Urological,Repair of ligated ureter,295000.0
698,Urological,Repair of penile injury,89600.0
699,Urological,Repair of ureter injury,295000.0
700,Urological,Repair of urethral injury,112000.0
701,Urological,Retrograde pyelography,7500.0
702,Urological,Retroperitoneal lymph node dissection,500000.0
703,Urological,Rigid Cystoscopy and Removal of JJ stent,33600.0
704,Urological,Robotic radical prostatectomy,250000.0
705,Urological,Scrotal exploration and ochidopexy of testicular torsion,95000.0
706,Urological,Semi rigid ureteroscopy and laser ureterolithotripsy,168000.0
707,Urological,Semi rigid ureteroscopy and removal of retained JJ stent,290000.0
708,Urological,Semirigid ureteroscopy,110000.0
709,Urological,Sentinel inguinal node biopsy,175000.0
710,Urological,Simple cystectomy and ileal conduit,295000.0
711,Urological,Simple nephrectomy,168000.0
712,Urological,Simple ochidectomy,44800.0
713,Urological,Testicular / penile biopsy,16800.0
714,Urological,Total penectomy with perineal urethrostomy,450000.0
715,Urological,Trasurethral resection of prostate (TURP),168000.0
716,Urological,Trauma nephrectomy,168000.0
717,Urological,Ultrasound guided biopsy of renal masses,22400.0
718,Urological,Unilateral modified inguinal node dissection,270000.0
719,Urological,Unilateral radical inguinal node dissection,280000.0
720,Urological,Ureter reimplantation,280000.0
721,Urological,Ureteral dilation,90000.0
722,Urological,Ureterolysis,345000.0
723,Urological,Ureteroscopy and laser ablation of ureteric tumor,168000.0
724,Urological,Ureteroscopy and laser incision of ureter stricture,280000.0
725,Urological,Ureteroureterostomy,134400.0
726,Urological,Urethral dilation,33600.0
727,Urological,Urethroscopy and ablation of bleeding prostatic hemangioma,180000.0
728,Urological,Vesicostomy,280000.0
