fund,service,scope_item,access_point,item_label,item_tariff,block_tariff,item_rules,block_rules,mapping_type
PRIMARY HEALTH CARE FUND,OUTPAT IENT CARE SERV ICES,"Health educa tion and well ness, counsel ling, and ongoing suppo rtas needed.","LEVEL 2, 3 and level 4 primary health care refe rral faci lity design ated by the Autho rity",,,900.0,[],"['Each faci lity will bemappe dtoa Primary Care Network.', 'All regist ered house hold swillbe mapped to PCN.', 'The Global budget shall be all ocated based on the popula tion in the PCN.', 'The Global Budget all ocation to the PCN shall be made quart erly.', 'Distri but ionof the Funds sha llbe done at the end of the quarter based on patient visits, weig hted by disease treated.', 'ARVs, anti malar ials, antiTBs, and associ ated tests, family plan ning commodi ties, KEPI vacc ines will be prov ided at public facili ties, and faith']",block
PRIMARY HEALTH CARE FUND,OUTPAT IENT CARE SERV ICES,"Cons ulta tion, diagn osis, and treat ment","LEVEL 2, 3 and level 4 primary health care refe rral faci lity design ated by the Autho rity",,,900.0,[],"['Each faci lity will bemappe dtoa Primary Care Network.', 'All regist ered house hold swillbe mapped to PCN.', 'The Global budget shall be all ocated based on the popula tion in the PCN.', 'The Global Budget all ocation to the PCN shall be made quart erly.', 'Distri but ionof the Funds sha llbe done at the end of the quarter based on patient visits, weig hted by disease treated.', 'ARVs, anti malar ials, antiTBs, and associ ated tests, family plan ning commodi ties, KEPI vacc ines will be prov ided at public facili ties, and faith']",block
PRIMARY HEALTH CARE FUND,OUTPAT IENT CARE SERV ICES,Prescri bed labora tory inve sti gations,"LEVEL 2, 3 and level 4 primary health care refe rral faci lity design ated by the Autho rity",,,900.0,[],"['Each faci lity will bemappe dtoa Primary Care Network.', 'All regist ered house hold swillbe mapped to PCN.', 'The Global budget shall be all ocated based on the popula tion in the PCN.', 'The Global Budget all ocation to the PCN shall be made quart erly.', 'Distri but ionof the Funds sha llbe done at the end of the quarter based on patient visits, weig hted by disease treated.', 'ARVs, anti malar ials, antiTBs, and associ ated tests, family plan ning commodi ties, KEPI vacc ines will be prov ided at public facili ties, and faith']",block
PRIMARY HEALTH CARE FUND,OUTPAT IENT CARE SERV ICES,"Basic radi olog ical exam inat ions inclu ding X-rays, ultraso unds.","LEVEL 2, 3 and level 4 primary health care refe rral faci lity design ated by the Autho rity",,,900.0,[],"['Each faci lity will bemappe dtoa Primary Care Network.', 'All regist ered house hold swillbe mapped to PCN.', 'The Global budget shall be all ocated based on the popula tion in the PCN.', 'The Global Budget all ocation to the PCN shall be made quart erly.', 'Distri but ionof the Funds sha llbe done at the end of the quarter based on patient visits, weig hted by disease treated.', 'ARVs, anti malar ials, antiTBs, and associ ated tests, family plan ning commodi ties, KEPI vacc ines will be prov ided at public facili ties, and faith']",block
PRIMARY HEALTH CARE FUND,OUTPAT IENT CARE SERV ICES,"Pres crip tion, drug admini stra tion and dispen sing","LEVEL 2, 3 and level 4 primary health care refe rral faci lity design ated by the Autho rity",,,900.0,[],"['Each faci lity will bemappe dtoa Primary Care Network.', 'All regist ered house hold swillbe mapped to PCN.', 'The Global budget shall be all ocated based on the popula tion in the PCN.', 'The Global Budget all ocation to the PCN shall be made quart erly.', 'Distri but ionof the Funds sha llbe done at the end of the quarter based on patient visits, weig hted by disease treated.', 'ARVs, anti malar ials, antiTBs, and associ ated tests, family plan ning commodi ties, KEPI vacc ines will be prov ided at public facili ties, and faith']",block
PRIMARY HEALTH CARE FUND,OUTPAT IENT CARE SERV ICES,Manage ment of acute and chronic condit ions for endemic / local cases,"LEVEL 2, 3 and level 4 primary health care refe rral faci lity design ated by the Autho rity",,,900.0,[],"['Each faci lity will bemappe dtoa Primary Care Network.', 'All regist ered house hold swillbe mapped to PCN.', 'The Global budget shall be all ocated based on the popula tion in the PCN.', 'The Global Budget all ocation to the PCN shall be made quart erly.', 'Distri but ionof the Funds sha llbe done at the end of the quarter based on patient visits, weig hted by disease treated.', 'ARVs, anti malar ials, antiTBs, and associ ated tests, family plan ning commodi ties, KEPI vacc ines will be prov ided at public facili ties, and faith']",block
PRIMARY HEALTH CARE FUND,OUTPAT IENT CARE SERV ICES,"Manage ment ofNCDs, enteric infect ions; negle cted trop ical","LEVEL 2, 3 and level 4 primary health care refe rral faci lity design ated by the Autho rity",,,900.0,[],"['Each faci lity will bemappe dtoa Primary Care Network.', 'All regist ered house hold swillbe mapped to PCN.', 'The Global budget shall be all ocated based on the popula tion in the PCN.', 'The Global Budget all ocation to the PCN shall be made quart erly.', 'Distri but ionof the Funds sha llbe done at the end of the quarter based on patient visits, weig hted by disease treated.', 'ARVs, anti malar ials, antiTBs, and associ ated tests, family plan ning commodi ties, KEPI vacc ines will be prov ided at public facili ties, and faith']",block
PRIMARY HEALTH CARE FUND,OUTPAT IENT CARE SERV ICES,"dise ases ( NTDs ), STI ’ sand HIV / AIDS",,,,,[],['based & private facili ties that report to the health informa tion system.'],block
PRIMARY HEALTH CARE FUND,OUTPAT IENT CARE SERV ICES,Scree ning for common health condit ions,,,,,[],['based & private facili ties that report to the health informa tion system.'],block
PRIMARY HEALTH CARE FUND,OUTPAT IENT CARE SERV ICES,Minor surg ical proce dure sand medical proced ures inclu ding male circ umci sion.,,,,,[],['based & private facili ties that report to the health informa tion system.'],block
PRIMARY HEALTH CARE FUND,OUTPAT IENT CARE SERV ICES,Immu niza tion asper the KEPI sche dule and recomme nded special vacc ines.,,,,,[],['based & private facili ties that report to the health informa tion system.'],block
PRIMARY HEALTH CARE FUND,OUTPAT IENT CARE SERV ICES,"Repr oduc tive, Mate rnal and Child Health Serv ices as defined by the MOH guide lines",,,,,[],['based & private facili ties that report to the health informa tion system.'],block
PRIMARY HEALTH CARE FUND,"MATER NITY, NEWBORN AND CHILD HEALTH SERV ICES","Ante-n atal care, deli very by ways of normal deli very, assi sted deli very and caesa rean secti onas nece ssit ated.",Level 2 - 3,Normal Deli very – .,11.0,11.0,['Normal deli very - maximum stay of 48 hours'],"['C-sec tion - maximum stay of 72 hours', 'Pregn ancy emerg ency medic ines such as Tranex amic acid and magne sium sulp hate are incl uded.', 'PHC mater nity bene fits willbe access edbyany Kenya nresi dent woman or child who is preg nant.', 'Anti-D will only bepr ovid edto Rhesus- nega tive mothers through prea utho riza tion.', 'In case of per ipartum and post natal compl icat ions beyond 48 hours for normal delive ries and 72 hours for CS delive ries, then per diem rate takes']",itemized
PRIMARY HEALTH CARE FUND,"MATER NITY, NEWBORN AND CHILD HEALTH SERV ICES",After care for the mother toge ther with the newborn,Level 2 - 3,,,11.0,[],"['C-sec tion - maximum stay of 72 hours', 'Pregn ancy emerg ency medic ines such as Tranex amic acid and magne sium sulp hate are incl uded.', 'PHC mater nity bene fits willbe access edbyany Kenya nresi dent woman or child who is preg nant.', 'Anti-D will only bepr ovid edto Rhesus- nega tive mothers through prea utho riza tion.', 'In case of per ipartum and post natal compl icat ions beyond 48 hours for normal delive ries and 72 hours for CS delive ries, then per diem rate takes']",itemized
PRIMARY HEALTH CARE FUND,"MATER NITY, NEWBORN AND CHILD HEALTH SERV ICES","Midwi fery, inclu ding episio tomy care and nursing care.",Level 2 - 3,,,11.0,[],"['C-sec tion - maximum stay of 72 hours', 'Pregn ancy emerg ency medic ines such as Tranex amic acid and magne sium sulp hate are incl uded.', 'PHC mater nity bene fits willbe access edbyany Kenya nresi dent woman or child who is preg nant.', 'Anti-D will only bepr ovid edto Rhesus- nega tive mothers through prea utho riza tion.', 'In case of per ipartum and post natal compl icat ions beyond 48 hours for normal delive ries and 72 hours for CS delive ries, then per diem rate takes']",itemized
PRIMARY HEALTH CARE FUND,"MATER NITY, NEWBORN AND CHILD HEALTH SERV ICES","Opera ting, reco very, mater nity wardand other treat ment room charges inclu ding meals and special diets.",Level 2 - 3,,,11.0,[],"['C-sec tion - maximum stay of 72 hours', 'Pregn ancy emerg ency medic ines such as Tranex amic acid and magne sium sulp hate are incl uded.', 'PHC mater nity bene fits willbe access edbyany Kenya nresi dent woman or child who is preg nant.', 'Anti-D will only bepr ovid edto Rhesus- nega tive mothers through prea utho riza tion.', 'In case of per ipartum and post natal compl icat ions beyond 48 hours for normal delive ries and 72 hours for CS delive ries, then per diem rate takes']",itemized
PRIMARY HEALTH CARE FUND,"MATER NITY, NEWBORN AND CHILD HEALTH SERV ICES",Immu nisa tion for the newborn.,Level 2 - 3,,,11.0,[],"['C-sec tion - maximum stay of 72 hours', 'Pregn ancy emerg ency medic ines such as Tranex amic acid and magne sium sulp hate are incl uded.', 'PHC mater nity bene fits willbe access edbyany Kenya nresi dent woman or child who is preg nant.', 'Anti-D will only bepr ovid edto Rhesus- nega tive mothers through prea utho riza tion.', 'In case of per ipartum and post natal compl icat ions beyond 48 hours for normal delive ries and 72 hours for CS delive ries, then per diem rate takes']",itemized
PRIMARY HEALTH CARE FUND,"MATER NITY, NEWBORN AND CHILD HEALTH SERV ICES","Vita minK for newborn, chlor hexi dine admini stra tion.",Level 2 - 3,,,11.0,[],"['C-sec tion - maximum stay of 72 hours', 'Pregn ancy emerg ency medic ines such as Tranex amic acid and magne sium sulp hate are incl uded.', 'PHC mater nity bene fits willbe access edbyany Kenya nresi dent woman or child who is preg nant.', 'Anti-D will only bepr ovid edto Rhesus- nega tive mothers through prea utho riza tion.', 'In case of per ipartum and post natal compl icat ions beyond 48 hours for normal delive ries and 72 hours for CS delive ries, then per diem rate takes']",itemized
PRIMARY HEALTH CARE FUND,"MATER NITY, NEWBORN AND CHILD HEALTH SERV ICES",Provi sion of warmth and newborn resus cita tion,Level 2 - 3,,,11.0,[],"['C-sec tion - maximum stay of 72 hours', 'Pregn ancy emerg ency medic ines such as Tranex amic acid and magne sium sulp hate are incl uded.', 'PHC mater nity bene fits willbe access edbyany Kenya nresi dent woman or child who is preg nant.', 'Anti-D will only bepr ovid edto Rhesus- nega tive mothers through prea utho riza tion.', 'In case of per ipartum and post natal compl icat ions beyond 48 hours for normal delive ries and 72 hours for CS delive ries, then per diem rate takes']",itemized
PRIMARY HEALTH CARE FUND,"MATER NITY, NEWBORN AND CHILD HEALTH SERV ICES",Intra- admis sion and post- disch arge medica tion.,,,,,[],"['effect. All claims in this cate gory will have to undergo surv eill ance.', 'ANCan dPNC serv ices willbe covered under the outpat ient at the PHC level.', 'Manage ment of compl icat ions for the newborn will be charged separa tely from the mother inclu ding but not limited tose psis, jaun dice, prematu rity, necroti sing enter ocol itis, atdai lyre bate rate sforin patient serv ices.']",block
PRIMARY HEALTH CARE FUND,"MATER NITY, NEWBORN AND CHILD HEALTH SERV ICES",Diagno stic labora tory tests,,,,,[],"['effect. All claims in this cate gory will have to undergo surv eill ance.', 'ANCan dPNC serv ices willbe covered under the outpat ient at the PHC level.', 'Manage ment of compl icat ions for the newborn will be charged separa tely from the mother inclu ding but not limited tose psis, jaun dice, prematu rity, necroti sing enter ocol itis, atdai lyre bate rate sforin patient serv ices.']",block
PRIMARY HEALTH CARE FUND,"MATER NITY, NEWBORN AND CHILD HEALTH SERV ICES","Admini stra tion of blood and blood prod ucts; derivat ives and compon ents, artifi cial blood prod ucts, and biolog ical serum",,,,,[],"['effect. All claims in this cate gory will have to undergo surv eill ance.', 'ANCan dPNC serv ices willbe covered under the outpat ient at the PHC level.', 'Manage ment of compl icat ions for the newborn will be charged separa tely from the mother inclu ding but not limited tose psis, jaun dice, prematu rity, necroti sing enter ocol itis, atdai lyre bate rate sforin patient serv ices.']",block
PRIMARY HEALTH CARE FUND,"MATER NITY, NEWBORN AND CHILD HEALTH SERV ICES","Medical supp lies and equip ment, inclu ding oxygen.",,,,,[],"['effect. All claims in this cate gory will have to undergo surv eill ance.', 'ANCan dPNC serv ices willbe covered under the outpat ient at the PHC level.', 'Manage ment of compl icat ions for the newborn will be charged separa tely from the mother inclu ding but not limited tose psis, jaun dice, prematu rity, necroti sing enter ocol itis, atdai lyre bate rate sforin patient serv ices.']",block
PRIMARY HEALTH CARE FUND,"MATER NITY, NEWBORN AND CHILD HEALTH SERV ICES",Post natal family plan ning.,,,,,[],"['effect. All claims in this cate gory will have to undergo surv eill ance.', 'ANCan dPNC serv ices willbe covered under the outpat ient at the PHC level.', 'Manage ment of compl icat ions for the newborn will be charged separa tely from the mother inclu ding but not limited tose psis, jaun dice, prematu rity, necroti sing enter ocol itis, atdai lyre bate rate sforin patient serv ices.']",block
PRIMARY HEALTH CARE FUND,"MATER NITY, NEWBORN AND CHILD HEALTH SERV ICES","Manage ment ofpo stpa rtum infect ions and haemorr hage, birth traumas and condit ions related to child birth.",,,,,[],"['effect. All claims in this cate gory will have to undergo surv eill ance.', 'ANCan dPNC serv ices willbe covered under the outpat ient at the PHC level.', 'Manage ment of compl icat ions for the newborn will be charged separa tely from the mother inclu ding but not limited tose psis, jaun dice, prematu rity, necroti sing enter ocol itis, atdai lyre bate rate sforin patient serv ices.']",block
PRIMARY HEALTH CARE FUND,"MATER NITY, NEWBORN AND CHILD HEALTH SERV ICES",Mana geme ntof neon atal condit ions.,,,,,[],"['effect. All claims in this cate gory will have to undergo surv eill ance.', 'ANCan dPNC serv ices willbe covered under the outpat ient at the PHC level.', 'Manage ment of compl icat ions for the newborn will be charged separa tely from the mother inclu ding but not limited tose psis, jaun dice, prematu rity, necroti sing enter ocol itis, atdai lyre bate rate sforin patient serv ices.']",block
PRIMARY HEALTH CARE FUND,"MATER NITY, NEWBORN AND CHILD HEALTH SERV ICES","Obste tric and neon atal compl icat ions inclu ding intra- admis sion post partum / post natal infect ions and haemorr hage, birth traumas and condit ions related to child birth.",,,,,[],"['effect. All claims in this cate gory will have to undergo surv eill ance.', 'ANCan dPNC serv ices willbe covered under the outpat ient at the PHC level.', 'Manage ment of compl icat ions for the newborn will be charged separa tely from the mother inclu ding but not limited tose psis, jaun dice, prematu rity, necroti sing enter ocol itis, atdai lyre bate rate sforin patient serv ices.']",block
PRIMARY HEALTH CARE FUND,"MATER NITY, NEWBORN AND CHILD HEALTH SERV ICES",Anti-D Serum for Rhesus- nega tive mothers. SCREE NING & MANAGE MENT OF PRE- CANCE ROUS LESIONS,,,,,[],"['effect. All claims in this cate gory will have to undergo surv eill ance.', 'ANCan dPNC serv ices willbe covered under the outpat ient at the PHC level.', 'Manage ment of compl icat ions for the newborn will be charged separa tely from the mother inclu ding but not limited tose psis, jaun dice, prematu rity, necroti sing enter ocol itis, atdai lyre bate rate sforin patient serv ices.']",block
PRIMARY HEALTH CARE FUND,"MATER NITY, NEWBORN AND CHILD HEALTH SERV ICES","Scree ning for common cancers ( breast, cervix, pros tate, and colon )",Level 2 - 6 with capa city,,,3.0,"['Pros tate cancer scree ning will only be covered in males over 55 years.', 'Colon cancer scree ning will only be covered in males over 40 years.']",[],itemized
PRIMARY HEALTH CARE FUND,"MATER NITY, NEWBORN AND CHILD HEALTH SERV ICES",,,,,3.0,[],"['Scree ning for cerv ical cancer will only be covered in women between 30 - 50 years', 'HPV scree ning for females aged 35 and 45 years.']",block
PRIMARY HEALTH CARE FUND,OPTICAL HEALTH SERV ICES,"Serv ices covered include cons ulta tion and diagn osis, preven tive, restora tive, and treat ment serv ices as neces sary:",Level 2 - 3,,,935.0,[],"['Limit: KES. 1, 000 per House hold', 'Pre- author ized service.', 'Limited to benef icia ries below 18 years.']",itemized
PRIMARY HEALTH CARE FUND,OPTICAL HEALTH SERV ICES,Eye health educa tion and counsel ling.,Level 2 - 3,,,935.0,[],"['Limit: KES. 1, 000 per House hold', 'Pre- author ized service.', 'Limited to benef icia ries below 18 years.']",itemized
PRIMARY HEALTH CARE FUND,OPTICAL HEALTH SERV ICES,"Eye tests inclu ding fund oscopy, visual acuity testing, visual field anal ysis.",Level 2 - 3,,,935.0,[],"['Limit: KES. 1, 000 per House hold', 'Pre- author ized service.', 'Limited to benef icia ries below 18 years.']",itemized
PRIMARY HEALTH CARE FUND,OPTICAL HEALTH SERV ICES,Treat ment of refrac tive errors through eye glasses.,Level 2 - 3,,,935.0,['Replace ment of eye glasses only after every two years if indic ated.'],"['Limit: KES. 1, 000 per House hold', 'Pre- author ized service.', 'Limited to benef icia ries below 18 years.']",itemized
PRIMARY HEALTH CARE FUND,END OF LIFE SERV ICES,Prepara tion and storage of the body in mort uary,Where avail able,,,500.0,[],['Limit up to 5 days'],block
PRIMARY HEALTH CARE FUND,END OF LIFE SERV ICES,Pres erva tion and storage of the body in mort uary.,Where avail able,,,500.0,[],['Limit up to 5 days'],block
PRIMARY HEALTH CARE FUND,MEDICAL INPAT IENT SERV ICES,Inpat ient serv ices shall include manage ment of disease / condi tion while admi tted.,Level 3,,,2.0,[],[],itemized
PRIMARY HEALTH CARE FUND,MEDICAL INPAT IENT SERV ICES,Pre- admis sion evalua tion.,Level 3,,,2.0,['Admis sion up to 50 days'],[],itemized
PRIMARY HEALTH CARE FUND,MEDICAL INPAT IENT SERV ICES,"Hosp ital accom moda tion charges, meals and nursing care in general ward bed.",Level 3,,,2.0,[],[],itemized
PRIMARY HEALTH CARE FUND,MEDICAL INPAT IENT SERV ICES,"Intra- admis sion cons ulta tion and review sbyboth general and specia list consult ants, Labora tory inve sti gations, medical imaging, proced ures, and medica tion.",Level 3,,,2.0,[],[],itemized
PRIMARY HEALTH CARE FUND,MEDICAL INPAT IENT SERV ICES,"Bed side serv ices inclu ding physio therapy, occu pati onal therapy, oxygen supply, medical consuma bles, and the rape utic nutriti onal support.",Level 3,,,2.0,[],[],itemized
PRIMARY HEALTH CARE FUND,MEDICAL INPAT IENT SERV ICES,"Cross- matc hing and admini stra tion of blood and blood prod ucts; derivat ives and compon ents, artifi cial blood prod ucts, and biolog ical serum.",Level 3,,,2.0,[],[],itemized
PRIMARY HEALTH CARE FUND,MEDICAL INPAT IENT SERV ICES,Post - disch arge medi cati onor follo w-up within the treat ment plan.,Level 3,,,2.0,[],[],itemized
SOCIAL HEALTH INSUR ANCE FUND,OUTPAT IENT CARE SERV ICES,"Health educa tion and well ness, counsel ling, and ongoing support as needed",Level 4 - 6,,,2.0,[],"['Limit: 4 Visits per year per person', 'ARVs, anti malar ials, anti TBs, and associ ated tests, family plan ning commodi ties, KEPI vacc ines will be prov ided at public facili ties, and faith based & private facili ties that report to the health informa tion system.']",block
SOCIAL HEALTH INSUR ANCE FUND,OUTPAT IENT CARE SERV ICES,"Cons ulta tion, diagn osis, and treat ment.",Level 4 - 6,,,2.0,[],"['Limit: 4 Visits per year per person', 'ARVs, anti malar ials, anti TBs, and associ ated tests, family plan ning commodi ties, KEPI vacc ines will be prov ided at public facili ties, and faith based & private facili ties that report to the health informa tion system.']",block
SOCIAL HEALTH INSUR ANCE FUND,OUTPAT IENT CARE SERV ICES,Prescri bed labora tory inve sti gations.,Level 4 - 6,,,2.0,[],"['Limit: 4 Visits per year per person', 'ARVs, anti malar ials, anti TBs, and associ ated tests, family plan ning commodi ties, KEPI vacc ines will be prov ided at public facili ties, and faith based & private facili ties that report to the health informa tion system.']",block
SOCIAL HEALTH INSUR ANCE FUND,OUTPAT IENT CARE SERV ICES,"Basic radi olog ical exam inat ions inclu ding X-rays, ultraso unds.",Level 4 - 6,,,2.0,[],"['Limit: 4 Visits per year per person', 'ARVs, anti malar ials, anti TBs, and associ ated tests, family plan ning commodi ties, KEPI vacc ines will be prov ided at public facili ties, and faith based & private facili ties that report to the health informa tion system.']",block
SOCIAL HEALTH INSUR ANCE FUND,OUTPAT IENT CARE SERV ICES,"Pres crip tion, drug admini stra tion and dispen sing",Level 4 - 6,,,2.0,[],"['Limit: 4 Visits per year per person', 'ARVs, anti malar ials, anti TBs, and associ ated tests, family plan ning commodi ties, KEPI vacc ines will be prov ided at public facili ties, and faith based & private facili ties that report to the health informa tion system.']",block
SOCIAL HEALTH INSUR ANCE FUND,OUTPAT IENT CARE SERV ICES,Manage ment of acute and chronic condit ions for endemic / local cases,,,,,[],[],block
SOCIAL HEALTH INSUR ANCE FUND,OUTPAT IENT CARE SERV ICES,"Manage ment ofNCDs, enteric infect ions; negle cted trop ical dise ases ( NTDs ), STI ’ sand HIV / AIDS",,,,,[],[],block
SOCIAL HEALTH INSUR ANCE FUND,OUTPAT IENT CARE SERV ICES,Scree ning for common health condit ions,,,,,[],[],block
SOCIAL HEALTH INSUR ANCE FUND,OUTPAT IENT CARE SERV ICES,Minor surg ical proce dure sand medical proced ures,,,,,[],[],block
SOCIAL HEALTH INSUR ANCE FUND,OUTPAT IENT CARE SERV ICES,Immu niza tion asper the KEPI sche dule and recomme nded special vacc ines,,,,,[],[],block
SOCIAL HEALTH INSUR ANCE FUND,OUTPAT IENT CARE SERV ICES,"Repr oduc tive, Mate rnal and Child Health Serv ices as defined by the MOH guide lines",,,,,[],[],block
SOCIAL HEALTH INSUR ANCE FUND,MEDICAL INPAT IENT SERV ICES,Inpat ient serv ices shall include manage ment of disease / condi tion while admi tted.,Level 4 - 6,,,3.0,[],"['Limit: Up to 50 days per House hold', 'Days above that charged to ECCIF']",itemized
SOCIAL HEALTH INSUR ANCE FUND,MEDICAL INPAT IENT SERV ICES,Pre- admis sion evalua tion,Level 4 - 6,,,3.0,[],"['Limit: Up to 50 days per House hold', 'Days above that charged to ECCIF']",itemized
SOCIAL HEALTH INSUR ANCE FUND,MEDICAL INPAT IENT SERV ICES,"Hosp ital accom moda tion charges, meals and nursing care in general ward bed",Level 4 - 6,,,3.0,[],"['Limit: Up to 50 days per House hold', 'Days above that charged to ECCIF']",itemized
SOCIAL HEALTH INSUR ANCE FUND,MEDICAL INPAT IENT SERV ICES,"Intra- admis sion cons ulta tion and review sbyboth general and specia list consult ants, Labora tory inve sti gations, medical imaging, proced ures, and medica tion",Level 4 - 6,,,3.0,[],"['Limit: Up to 50 days per House hold', 'Days above that charged to ECCIF']",itemized
SOCIAL HEALTH INSUR ANCE FUND,MEDICAL INPAT IENT SERV ICES,"Bed side serv ices inclu ding physio therapy, occu pati onal therapy, oxygen supply, medical consuma bles, and the rape utic nutriti onal support.",Level 4 - 6,,,3.0,[],"['Limit: Up to 50 days per House hold', 'Days above that charged to ECCIF']",itemized
SOCIAL HEALTH INSUR ANCE FUND,MEDICAL INPAT IENT SERV ICES,"Cross- matc hing and admini stra tion of blood and blood prod ucts; derivat ives and compon ents, artifi cial blood prod ucts, and biolog ical serum.",Level 4 - 6,,,3.0,[],"['Limit: Up to 50 days per House hold', 'Days above that charged to ECCIF']",itemized
SOCIAL HEALTH INSUR ANCE FUND,MEDICAL INPAT IENT SERV ICES,Post - disch arge medi cati onor follo w-up within the treat ment plan.,Level 4 - 6,,,3.0,[],"['Limit: Up to 50 days per House hold', 'Days above that charged to ECCIF']",itemized
SOCIAL HEALTH INSUR ANCE FUND,"MATER NITY, NEON ATAL AND CHILD HEALTH SERV ICES","Deli very by ways of normal deli very, assi sted deli very and caesa rean section as nece ssit ated.",Level 4 - 6,Normal Deli very and essen tial newborn care – .,11.0,11.0,['Normal deli very - maximum stay of 48 hours'],"['C-sec tion - maxim umst ayof 72 hours ( inclu ding pregn ancy emergen cies such as Tranex amic acid and magne sium sulp hate )', 'SHIF mater nity serv ices willbe access edby member sand their depend ants with up-to- date member ship.', 'In case of per ipartum and post natal compl icat ions beyond 48 hours for normal delive ries and 72 hours for CS delive ries, then per diem rate takes effect. All claims in this cate gory will have to undergo surv eill ance.']",itemized
SOCIAL HEALTH INSUR ANCE FUND,"MATER NITY, NEON ATAL AND CHILD HEALTH SERV ICES",After care for the mother toge ther with the newborn.,Level 4 - 6,,,11.0,[],"['C-sec tion - maxim umst ayof 72 hours ( inclu ding pregn ancy emergen cies such as Tranex amic acid and magne sium sulp hate )', 'SHIF mater nity serv ices willbe access edby member sand their depend ants with up-to- date member ship.', 'In case of per ipartum and post natal compl icat ions beyond 48 hours for normal delive ries and 72 hours for CS delive ries, then per diem rate takes effect. All claims in this cate gory will have to undergo surv eill ance.']",itemized
SOCIAL HEALTH INSUR ANCE FUND,"MATER NITY, NEON ATAL AND CHILD HEALTH SERV ICES","Midwi fery, inclu ding episio tomy care and nursing care.",Level 4 - 6,,,11.0,[],"['C-sec tion - maxim umst ayof 72 hours ( inclu ding pregn ancy emergen cies such as Tranex amic acid and magne sium sulp hate )', 'SHIF mater nity serv ices willbe access edby member sand their depend ants with up-to- date member ship.', 'In case of per ipartum and post natal compl icat ions beyond 48 hours for normal delive ries and 72 hours for CS delive ries, then per diem rate takes effect. All claims in this cate gory will have to undergo surv eill ance.']",itemized
SOCIAL HEALTH INSUR ANCE FUND,"MATER NITY, NEON ATAL AND CHILD HEALTH SERV ICES","Opera ting, reco very, mater nity ward and other treat ment room charges inclu ding meals and special diets.",Level 4 - 6,,,11.0,[],"['C-sec tion - maxim umst ayof 72 hours ( inclu ding pregn ancy emergen cies such as Tranex amic acid and magne sium sulp hate )', 'SHIF mater nity serv ices willbe access edby member sand their depend ants with up-to- date member ship.', 'In case of per ipartum and post natal compl icat ions beyond 48 hours for normal delive ries and 72 hours for CS delive ries, then per diem rate takes effect. All claims in this cate gory will have to undergo surv eill ance.']",itemized
SOCIAL HEALTH INSUR ANCE FUND,"MATER NITY, NEON ATAL AND CHILD HEALTH SERV ICES",Immu niza tion for the newborn.,Level 4 - 6,,,11.0,[],"['C-sec tion - maxim umst ayof 72 hours ( inclu ding pregn ancy emergen cies such as Tranex amic acid and magne sium sulp hate )', 'SHIF mater nity serv ices willbe access edby member sand their depend ants with up-to- date member ship.', 'In case of per ipartum and post natal compl icat ions beyond 48 hours for normal delive ries and 72 hours for CS delive ries, then per diem rate takes effect. All claims in this cate gory will have to undergo surv eill ance.']",itemized
SOCIAL HEALTH INSUR ANCE FUND,"MATER NITY, NEON ATAL AND CHILD HEALTH SERV ICES",Intra- admis sion and post- disch arge medica tion.,Level 4 - 6,,,11.0,[],"['C-sec tion - maxim umst ayof 72 hours ( inclu ding pregn ancy emergen cies such as Tranex amic acid and magne sium sulp hate )', 'SHIF mater nity serv ices willbe access edby member sand their depend ants with up-to- date member ship.', 'In case of per ipartum and post natal compl icat ions beyond 48 hours for normal delive ries and 72 hours for CS delive ries, then per diem rate takes effect. All claims in this cate gory will have to undergo surv eill ance.']",itemized
SOCIAL HEALTH INSUR ANCE FUND,"MATER NITY, NEON ATAL AND CHILD HEALTH SERV ICES",Diagno stic labora tory tests.,Level 4 - 6,,,11.0,[],"['C-sec tion - maxim umst ayof 72 hours ( inclu ding pregn ancy emergen cies such as Tranex amic acid and magne sium sulp hate )', 'SHIF mater nity serv ices willbe access edby member sand their depend ants with up-to- date member ship.', 'In case of per ipartum and post natal compl icat ions beyond 48 hours for normal delive ries and 72 hours for CS delive ries, then per diem rate takes effect. All claims in this cate gory will have to undergo surv eill ance.']",itemized
SOCIAL HEALTH INSUR ANCE FUND,"MATER NITY, NEON ATAL AND CHILD HEALTH SERV ICES","Admi nist rati onof blood and blood prod ucts; derivat ives and compon ents, artifi cial blood prod ucts, and biolog ical serum.",Level 4 - 6,,,11.0,[],"['C-sec tion - maxim umst ayof 72 hours ( inclu ding pregn ancy emergen cies such as Tranex amic acid and magne sium sulp hate )', 'SHIF mater nity serv ices willbe access edby member sand their depend ants with up-to- date member ship.', 'In case of per ipartum and post natal compl icat ions beyond 48 hours for normal delive ries and 72 hours for CS delive ries, then per diem rate takes effect. All claims in this cate gory will have to undergo surv eill ance.']",itemized
SOCIAL HEALTH INSUR ANCE FUND,"MATER NITY, NEON ATAL AND CHILD HEALTH SERV ICES","Medical supp lies and equip ment, inclu ding oxygen.",Level 4 - 6,,,11.0,[],"['C-sec tion - maxim umst ayof 72 hours ( inclu ding pregn ancy emergen cies such as Tranex amic acid and magne sium sulp hate )', 'SHIF mater nity serv ices willbe access edby member sand their depend ants with up-to- date member ship.', 'In case of per ipartum and post natal compl icat ions beyond 48 hours for normal delive ries and 72 hours for CS delive ries, then per diem rate takes effect. All claims in this cate gory will have to undergo surv eill ance.']",itemized
SOCIAL HEALTH INSUR ANCE FUND,"MATER NITY, NEON ATAL AND CHILD HEALTH SERV ICES",Post natal family plan ning.,Level 4 - 6,,,11.0,[],"['C-sec tion - maxim umst ayof 72 hours ( inclu ding pregn ancy emergen cies such as Tranex amic acid and magne sium sulp hate )', 'SHIF mater nity serv ices willbe access edby member sand their depend ants with up-to- date member ship.', 'In case of per ipartum and post natal compl icat ions beyond 48 hours for normal delive ries and 72 hours for CS delive ries, then per diem rate takes effect. All claims in this cate gory will have to undergo surv eill ance.']",itemized
SOCIAL HEALTH INSUR ANCE FUND,"MATER NITY, NEON ATAL AND CHILD HEALTH SERV ICES","Manage ment ofpo stpa rtum infect ions and haemorr hage, birth traumas and condit ions related to child birth.",Level 4 - 6,,,11.0,[],"['C-sec tion - maxim umst ayof 72 hours ( inclu ding pregn ancy emergen cies such as Tranex amic acid and magne sium sulp hate )', 'SHIF mater nity serv ices willbe access edby member sand their depend ants with up-to- date member ship.', 'In case of per ipartum and post natal compl icat ions beyond 48 hours for normal delive ries and 72 hours for CS delive ries, then per diem rate takes effect. All claims in this cate gory will have to undergo surv eill ance.']",itemized
SOCIAL HEALTH INSUR ANCE FUND,"MATER NITY, NEON ATAL AND CHILD HEALTH SERV ICES",Mana geme ntof neon atal condit ions.,Level 4 - 6,,,11.0,[],"['C-sec tion - maxim umst ayof 72 hours ( inclu ding pregn ancy emergen cies such as Tranex amic acid and magne sium sulp hate )', 'SHIF mater nity serv ices willbe access edby member sand their depend ants with up-to- date member ship.', 'In case of per ipartum and post natal compl icat ions beyond 48 hours for normal delive ries and 72 hours for CS delive ries, then per diem rate takes effect. All claims in this cate gory will have to undergo surv eill ance.']",itemized
SOCIAL HEALTH INSUR ANCE FUND,"MATER NITY, NEON ATAL AND CHILD HEALTH SERV ICES","Obste tric and neon atal compl icat ions inclu ding intra- admis sion post partum / post natal infect ions and haemorr hage, birth traumas and condit ions related to child birth.",Level 4 - 6,,,11.0,[],"['C-sec tion - maxim umst ayof 72 hours ( inclu ding pregn ancy emergen cies such as Tranex amic acid and magne sium sulp hate )', 'SHIF mater nity serv ices willbe access edby member sand their depend ants with up-to- date member ship.', 'In case of per ipartum and post natal compl icat ions beyond 48 hours for normal delive ries and 72 hours for CS delive ries, then per diem rate takes effect. All claims in this cate gory will have to undergo surv eill ance.']",itemized
SOCIAL HEALTH INSUR ANCE FUND,RENAL CARE PACKAGE,The manage ment of kidney failure due tochro nicd isea seor acute inju ries / dise ases through dial ysis inclu ding:,Level 4 - 6,,,10.0,[],"['Maximum of 3 sess ions per week for haemo dial ysis.', 'Maximum of 2 sess ions per week for hemod iafi ltra tion.', 'Maximum of 12 sess ions annu ally for per itoneal dial ysis.', 'Paym ents will be made from the SHIF and ECCIF Funds.']",itemized
SOCIAL HEALTH INSUR ANCE FUND,RENAL CARE PACKAGE,Cons ulta tion and special ist's review.,Level 4 - 6,,,10.0,[],"['Maximum of 3 sess ions per week for haemo dial ysis.', 'Maximum of 2 sess ions per week for hemod iafi ltra tion.', 'Maximum of 12 sess ions annu ally for per itoneal dial ysis.', 'Paym ents will be made from the SHIF and ECCIF Funds.']",itemized
SOCIAL HEALTH INSUR ANCE FUND,RENAL CARE PACKAGE,Cost ofthe tempo rary cath eter and inser tion / removal.,Level 4 - 6,,,10.0,[],"['Maximum of 3 sess ions per week for haemo dial ysis.', 'Maximum of 2 sess ions per week for hemod iafi ltra tion.', 'Maximum of 12 sess ions annu ally for per itoneal dial ysis.', 'Paym ents will be made from the SHIF and ECCIF Funds.']",itemized
SOCIAL HEALTH INSUR ANCE FUND,RENAL CARE PACKAGE,Nursing care and dial ysis serv ices.,Level 4 - 6,Per itoneal dial ysis – .,180.0,10.0,['Access ible inLe velI V-VI facili ties with dial ysis centres and access to an ambul ance and ICU serv ices within 10 km radius.'],"['Maximum of 3 sess ions per week for haemo dial ysis.', 'Maximum of 2 sess ions per week for hemod iafi ltra tion.', 'Maximum of 12 sess ions annu ally for per itoneal dial ysis.', 'Paym ents will be made from the SHIF and ECCIF Funds.']",itemized
SOCIAL HEALTH INSUR ANCE FUND,RENAL CARE PACKAGE,Routine labora tory inve sti gations.,Level 4 - 6,,,10.0,[],"['Maximum of 3 sess ions per week for haemo dial ysis.', 'Maximum of 2 sess ions per week for hemod iafi ltra tion.', 'Maximum of 12 sess ions annu ally for per itoneal dial ysis.', 'Paym ents will be made from the SHIF and ECCIF Funds.']",itemized
SOCIAL HEALTH INSUR ANCE FUND,RENAL CARE PACKAGE,"Dispen sati onof medica tion and mainten ance drug, counsel ling and follo w-up.",Level 4 - 6,,,10.0,[],"['Maximum of 3 sess ions per week for haemo dial ysis.', 'Maximum of 2 sess ions per week for hemod iafi ltra tion.', 'Maximum of 12 sess ions annu ally for per itoneal dial ysis.', 'Paym ents will be made from the SHIF and ECCIF Funds.']",itemized
SOCIAL HEALTH INSUR ANCE FUND,RENAL CARE PACKAGE,Contin uous inte rmit tent dial ysis and other dial ysis proto cols.,Level 4 - 6,,,10.0,[],"['Maximum of 3 sess ions per week for haemo dial ysis.', 'Maximum of 2 sess ions per week for hemod iafi ltra tion.', 'Maximum of 12 sess ions annu ally for per itoneal dial ysis.', 'Paym ents will be made from the SHIF and ECCIF Funds.']",itemized
SOCIAL HEALTH INSUR ANCE FUND,MENTAL WELLL NESS BENEFIT PACKAGE,The mental health serv ices cover caters for;,Level 3 - 6,,,1.0,['Mental illness serv ices will be asse ssed through the SHIF and ECCI funds.'],"['Max. 7 outpat ient visits', 'Toac cess the bene fits, individ uals must be paid-up SHA members', 'For benef icia ries whodo not comp lete the three-s tage program, or attain minimum stay of 45 days, SHA shall reimb urse KES 1, 000 for every day of admis sion up to maximum of 10 days.']",itemized
SOCIAL HEALTH INSUR ANCE FUND,MENTAL WELLL NESS BENEFIT PACKAGE,Mental Health educa tion and counsel ling.,Level 3 - 6,,,1.0,[],"['Max. 7 outpat ient visits', 'Toac cess the bene fits, individ uals must be paid-up SHA members', 'For benef icia ries whodo not comp lete the three-s tage program, or attain minimum stay of 45 days, SHA shall reimb urse KES 1, 000 for every day of admis sion up to maximum of 10 days.']",itemized
SOCIAL HEALTH INSUR ANCE FUND,MENTAL WELLL NESS BENEFIT PACKAGE,"Scree ning, manage ment and refe rral for behavi oral disor ders, neuro- develop mental disor ders, affec tive and psyc hoac tive disor ders.",Level 3 - 6,,,1.0,['Diagn osis and mana geme ntof behavi oral disor ders ( inpat ient ) shall have limit of up to 35 days.'],"['Max. 7 outpat ient visits', 'Toac cess the bene fits, individ uals must be paid-up SHA members', 'For benef icia ries whodo not comp lete the three-s tage program, or attain minimum stay of 45 days, SHA shall reimb urse KES 1, 000 for every day of admis sion up to maximum of 10 days.']",itemized
SOCIAL HEALTH INSUR ANCE FUND,MENTAL WELLL NESS BENEFIT PACKAGE,Rehabi lita tion for subst ance related addic tive disor ders.,Level 3 - 6,Rehabi lita tion – .,125.0,1.0,['Admis sion sfor rehabi lita tion for drugs and subst ance abuse shall be pre- author ized.'],"['Max. 7 outpat ient visits', 'Toac cess the bene fits, individ uals must be paid-up SHA members', 'For benef icia ries whodo not comp lete the three-s tage program, or attain minimum stay of 45 days, SHA shall reimb urse KES 1, 000 for every day of admis sion up to maximum of 10 days.']",itemized
SOCIAL HEALTH INSUR ANCE FUND,SURG ICAL SERV ICES PACKAGE,The Surg ical Package covers the below list of surg ical and non- surg ical proced ures:,"➢ Level 3 - 6 ➢ Selec tive procurement for Cardio logy, Cardio thor acic and vasc ular, Urology, and Transp lant surge ries",,,,['Minor surg ical proced ures per formed at Level 2 & 3 facili ties will be funded from the PHC fund.'],"['Emerg ency surg ical proc edur esto stabi lize trauma andpoly trauma pati ents with head, cardiac, pulmo nary, and crit ical limb inju ries within 24 hours will be covered under']",block
SOCIAL HEALTH INSUR ANCE FUND,SURG ICAL SERV ICES PACKAGE,Pre- opera tive admis sion and care.,"➢ Level 3 - 6 ➢ Selec tive procurement for Cardio logy, Cardio thor acic and vasc ular, Urology, and Transp lant surge ries",,,,[],"['Emerg ency surg ical proc edur esto stabi lize trauma andpoly trauma pati ents with head, cardiac, pulmo nary, and crit ical limb inju ries within 24 hours will be covered under']",block
SOCIAL HEALTH INSUR ANCE FUND,SURG ICAL SERV ICES PACKAGE,"Minor, major and special ized surg ical proced ures inclu ding organ transpl ants and impl ants.","➢ Level 3 - 6 ➢ Selec tive procurement for Cardio logy, Cardio thor acic and vasc ular, Urology, and Transp lant surge ries",,,,[],"['Emerg ency surg ical proc edur esto stabi lize trauma andpoly trauma pati ents with head, cardiac, pulmo nary, and crit ical limb inju ries within 24 hours will be covered under']",block
SOCIAL HEALTH INSUR ANCE FUND,SURG ICAL SERV ICES PACKAGE,Admini stra tion of blood and blood prod ucts; derivat ives and,"➢ Level 3 - 6 ➢ Selec tive procurement for Cardio logy, Cardio thor acic and vasc ular, Urology, and Transp lant surge ries",,,,[],"['Emerg ency surg ical proc edur esto stabi lize trauma andpoly trauma pati ents with head, cardiac, pulmo nary, and crit ical limb inju ries within 24 hours will be covered under']",block
SOCIAL HEALTH INSUR ANCE FUND,SURG ICAL SERV ICES PACKAGE,"compon ents, artifi cial blood prod ucts, and biolog ical serum.","the Acci dent and Emerg ency Package in the ECCIF fund. ➢ Pallia tive surgery shall be paid under ECCIF. ➢ Major and specialized surgical proced ures will be prov ided at Level 4 - 6 facili ties with at least 2 opera ting the atres. ➢ Procure ment of elig ible minor, major and special ized proced ures from single speci alty provi ders. ➢ Access to spec ific major and special ized proced ures will be limited to facili ties with appropr iate insta lled equip ment, affili ated surg ical and anesth esia per sonnel. ➢ Co-pay ment allowed for laser and lapa rosc opic surge ries.",,,,[],[],block
SOCIAL HEALTH INSUR ANCE FUND,SURG ICAL SERV ICES PACKAGE,Manage ment of intra opera tive compl icat ions and compl icat ions follo wing the surg ical proce dure.,"the Acci dent and Emerg ency Package in the ECCIF fund. ➢ Pallia tive surgery shall be paid under ECCIF. ➢ Major and specialized surgical proced ures will be prov ided at Level 4 - 6 facili ties with at least 2 opera ting the atres. ➢ Procure ment of elig ible minor, major and special ized proced ures from single speci alty provi ders. ➢ Access to spec ific major and special ized proced ures will be limited to facili ties with appropr iate insta lled equip ment, affili ated surg ical and anesth esia per sonnel. ➢ Co-pay ment allowed for laser and lapa rosc opic surge ries.",,,,[],[],block
SOCIAL HEALTH INSUR ANCE FUND,SURG ICAL SERV ICES PACKAGE,All additi onal medical or surg ical service requ ired during the post opera tive period because of compl icat ions that do not require additi onal trips to the opera ting room.,"the Acci dent and Emerg ency Package in the ECCIF fund. ➢ Pallia tive surgery shall be paid under ECCIF. ➢ Major and specialized surgical proced ures will be prov ided at Level 4 - 6 facili ties with at least 2 opera ting the atres. ➢ Procure ment of elig ible minor, major and special ized proced ures from single speci alty provi ders. ➢ Access to spec ific major and special ized proced ures will be limited to facili ties with appropr iate insta lled equip ment, affili ated surg ical and anesth esia per sonnel. ➢ Co-pay ment allowed for laser and lapa rosc opic surge ries.",,,,[],[],block
SOCIAL HEALTH INSUR ANCE FUND,SURG ICAL SERV ICES PACKAGE,Post opera tive visits - follo w-up visits during the post opera tive period that are related to reco very.,"the Acci dent and Emerg ency Package in the ECCIF fund. ➢ Pallia tive surgery shall be paid under ECCIF. ➢ Major and specialized surgical proced ures will be prov ided at Level 4 - 6 facili ties with at least 2 opera ting the atres. ➢ Procure ment of elig ible minor, major and special ized proced ures from single speci alty provi ders. ➢ Access to spec ific major and special ized proced ures will be limited to facili ties with appropr iate insta lled equip ment, affili ated surg ical and anesth esia per sonnel. ➢ Co-pay ment allowed for laser and lapa rosc opic surge ries.",,,,[],[],block
SOCIAL HEALTH INSUR ANCE FUND,SURG ICAL SERV ICES PACKAGE,Post - proce dure pain manage ment.,"the Acci dent and Emerg ency Package in the ECCIF fund. ➢ Pallia tive surgery shall be paid under ECCIF. ➢ Major and specialized surgical proced ures will be prov ided at Level 4 - 6 facili ties with at least 2 opera ting the atres. ➢ Procure ment of elig ible minor, major and special ized proced ures from single speci alty provi ders. ➢ Access to spec ific major and special ized proced ures will be limited to facili ties with appropr iate insta lled equip ment, affili ated surg ical and anesth esia per sonnel. ➢ Co-pay ment allowed for laser and lapa rosc opic surge ries.",,,,[],[],block
SOCIAL HEALTH INSUR ANCE FUND,SURG ICAL SERV ICES PACKAGE,Post - opera tive ward physio therapy.,"the Acci dent and Emerg ency Package in the ECCIF fund. ➢ Pallia tive surgery shall be paid under ECCIF. ➢ Major and specialized surgical proced ures will be prov ided at Level 4 - 6 facili ties with at least 2 opera ting the atres. ➢ Procure ment of elig ible minor, major and special ized proced ures from single speci alty provi ders. ➢ Access to spec ific major and special ized proced ures will be limited to facili ties with appropr iate insta lled equip ment, affili ated surg ical and anesth esia per sonnel. ➢ Co-pay ment allowed for laser and lapa rosc opic surge ries.",,,,[],[],block
SOCIAL HEALTH INSUR ANCE FUND,SURG ICAL SERV ICES PACKAGE,Supp lies - except for those identi fied as exclus ions.,"the Acci dent and Emerg ency Package in the ECCIF fund. ➢ Pallia tive surgery shall be paid under ECCIF. ➢ Major and specialized surgical proced ures will be prov ided at Level 4 - 6 facili ties with at least 2 opera ting the atres. ➢ Procure ment of elig ible minor, major and special ized proced ures from single speci alty provi ders. ➢ Access to spec ific major and special ized proced ures will be limited to facili ties with appropr iate insta lled equip ment, affili ated surg ical and anesth esia per sonnel. ➢ Co-pay ment allowed for laser and lapa rosc opic surge ries.",,,,[],[],block
SOCIAL HEALTH INSUR ANCE FUND,SURG ICAL SERV ICES PACKAGE,"Misce llan eous serv ices - items such as dres sing changes; local incisi onal care; removal of the opera tive pack; removal of cutan eous sutures and staples, lines, wires, tubes, drains, casts, and splints; inser tion, irriga tion and removal of urinary cathe ters, routine per ipheral intrave nous lines, nasogas tric and rectal tubes; and changes and removal of trac heos tomy tubes.","the Acci dent and Emerg ency Package in the ECCIF fund. ➢ Pallia tive surgery shall be paid under ECCIF. ➢ Major and specialized surgical proced ures will be prov ided at Level 4 - 6 facili ties with at least 2 opera ting the atres. ➢ Procure ment of elig ible minor, major and special ized proced ures from single speci alty provi ders. ➢ Access to spec ific major and special ized proced ures will be limited to facili ties with appropr iate insta lled equip ment, affili ated surg ical and anesth esia per sonnel. ➢ Co-pay ment allowed for laser and lapa rosc opic surge ries.",,,,[],[],block
SOCIAL HEALTH INSUR ANCE FUND,SURG ICAL SERV ICES PACKAGE,Crit ical care serv ices related to the surg ical proce dure but within the same case defini tion.,"the Acci dent and Emerg ency Package in the ECCIF fund. ➢ Pallia tive surgery shall be paid under ECCIF. ➢ Major and specialized surgical proced ures will be prov ided at Level 4 - 6 facili ties with at least 2 opera ting the atres. ➢ Procure ment of elig ible minor, major and special ized proced ures from single speci alty provi ders. ➢ Access to spec ific major and special ized proced ures will be limited to facili ties with appropr iate insta lled equip ment, affili ated surg ical and anesth esia per sonnel. ➢ Co-pay ment allowed for laser and lapa rosc opic surge ries.",,,,[],[],block
SOCIAL HEALTH INSUR ANCE FUND,SURG ICAL SERV ICES PACKAGE,"Diagno stic tests and proce dure, inclu ding diagno stic radi olog ical proced ures related to the surgery.","the Acci dent and Emerg ency Package in the ECCIF fund. ➢ Pallia tive surgery shall be paid under ECCIF. ➢ Major and specialized surgical proced ures will be prov ided at Level 4 - 6 facili ties with at least 2 opera ting the atres. ➢ Procure ment of elig ible minor, major and special ized proced ures from single speci alty provi ders. ➢ Access to spec ific major and special ized proced ures will be limited to facili ties with appropr iate insta lled equip ment, affili ated surg ical and anesth esia per sonnel. ➢ Co-pay ment allowed for laser and lapa rosc opic surge ries.",,,,[],[],block
SOCIAL HEALTH INSUR ANCE FUND,SURG ICAL SERV ICES PACKAGE,Immun osup pres sive therapy for organ transpl ants.,"the Acci dent and Emerg ency Package in the ECCIF fund. ➢ Pallia tive surgery shall be paid under ECCIF. ➢ Major and specialized surgical proced ures will be prov ided at Level 4 - 6 facili ties with at least 2 opera ting the atres. ➢ Procure ment of elig ible minor, major and special ized proced ures from single speci alty provi ders. ➢ Access to spec ific major and special ized proced ures will be limited to facili ties with appropr iate insta lled equip ment, affili ated surg ical and anesth esia per sonnel. ➢ Co-pay ment allowed for laser and lapa rosc opic surge ries.",,,,[],[],block
SOCIAL HEALTH INSUR ANCE FUND,ONCO LOGY SERV ICES,"Onco logy serv ices shall entail scree ning and treatme ntof cancers inclu ding breast, pros tate, colo rectal, cerv ical cancer, and child hood cancers.",Level 4 - 6,,,5.0,[],"['Diagn osis & staging - Limit of KES. 100, 000']",itemized
SOCIAL HEALTH INSUR ANCE FUND,ONCO LOGY SERV ICES,"Admini stra tion of Chemo therapy, Radio therapy, Brachy therapy and Radio surgery",Level 4 - 6,Brachy therapy – up to .,40.0,5.0,[],"['Diagn osis & staging - Limit of KES. 100, 000']",itemized
SOCIAL HEALTH INSUR ANCE FUND,ONCO LOGY SERV ICES,"Consuma bles, stoma applia nces, premeds, and post meds",Level 4 - 6,,,5.0,[],"['Diagn osis & staging - Limit of KES. 100, 000']",itemized
SOCIAL HEALTH INSUR ANCE FUND,ONCO LOGY SERV ICES,Chemo therapy pump,Level 4 - 6,Chemo administration – .,5.0,5.0,[],"['Diagn osis & staging - Limit of KES. 100, 000']",itemized
SOCIAL HEALTH INSUR ANCE FUND,ONCO LOGY SERV ICES,Routine and special ized labora tory inve sti gations,Level 4 - 6,,,5.0,[],"['Diagn osis & staging - Limit of KES. 100, 000']",itemized
SOCIAL HEALTH INSUR ANCE FUND,ONCO LOGY SERV ICES,"Scree ning, cross- matc hing and admini stra tion of blood and blood prod ucts; derivat ives and compon ents, artifi cial blood prod ucts, and biolog ical serum",Level 4 - 6,,,5.0,[],"['Diagn osis & staging - Limit of KES. 100, 000']",itemized
SOCIAL HEALTH INSUR ANCE FUND,ONCO LOGY SERV ICES,Treat ment plan ning,Level 4 - 6,,,5.0,"['1 st Line treat ment – Limit of Kes. 400, 000 from SHIF and KES. 250, 000 from ECCIF', '2 nd Line treat ment – KES. 650, 000 from ECCIF']","['Diagn osis & staging - Limit of KES. 100, 000']",itemized
SOCIAL HEALTH INSUR ANCE FUND,ONCO LOGY SERV ICES,Radioio dine therapy,Level 4 - 6,Radio therapy – up to .,3.0,5.0,[],"['Diagn osis & staging - Limit of KES. 100, 000']",itemized
SOCIAL HEALTH INSUR ANCE FUND,ONCO LOGY SERV ICES,Radi olog ical serv ices where neces sary as part of oncolog ical treat ment plan ning,Level 4 - 6,,,5.0,[],"['Diagn osis & staging - Limit of KES. 100, 000']",itemized
SOCIAL HEALTH INSUR ANCE FUND,ONCO LOGY SERV ICES,Manage ment through surg ical inter vent ions,Level 4 - 6,,,5.0,[],"['Diagn osis & staging - Limit of KES. 100, 000']",itemized
SOCIAL HEALTH INSUR ANCE FUND,ONCO LOGY SERV ICES,Manage ment of pre- cancer condit ions,Level 4 - 6,,,5.0,[],"['Diagn osis & staging - Limit of KES. 100, 000']",itemized
SOCIAL HEALTH INSUR ANCE FUND,MEDICAL IMAGING AND OTHER INVE STI GATIONS PACKAGE,Covers Prescri bed special ized imaging serv ices inclu ding.,"➢ All facilities with required imaging serv ices. ➢ Fluoros copy, Mammogr aphy, Echo cardiog rams, Electroen ceph alog rams ( EEG ), and special ized ultraso unds ( dopp lers ) to be purch ased from GOK Level IV-V hospi tals.",Special ized ultrasounds ( Dopp lers ) –,5.0,11.0,[],"['MRI at 2 images per HH - limited to Infec tive, onco logy, neur olog ical, dege nera tive condit ions, spec ific obste tric condit ions, cardiac / CVA- related cases and trauma cases.', 'CTsc ans- limit edto Infec tive, onco logy, neur olog ical, dege nera tive condit ions, spec ific obste tric condit ions, cardiac / CVA- related cases and trauma cases.', 'Fluor osco pyat 2 per house hold: Contin uous x-rays used for guiding angio graphic and interv enti onal proced ures, in cont rast, exam inat ions of the GI tract, and in the OR for certain surg ical proced ures (.. orthop edic, Urolog ical ).', 'Mammo grap hyat 2 per house hold per year: X-ray imaging of the breasts for diagn osis of clinic ally dete cted or scree ning - dete cted abnor mali ties.', 'Special ized ultra soun dsat 2 per house hold per year: For tendon inju ries (.. rotator cuff, Achi lles tendon ), detec tion and char acte riza tion of soft tissue masses']",itemized
SOCIAL HEALTH INSUR ANCE FUND,MEDICAL IMAGING AND OTHER INVE STI GATIONS PACKAGE,MRI,"➢ All facilities with required imaging serv ices. ➢ Fluoros copy, Mammogr aphy, Echo cardiog rams, Electroen ceph alog rams ( EEG ), and special ized ultraso unds ( dopp lers ) to be purch ased from GOK Level IV-V hospi tals.",MRI –,11.0,11.0,[],"['MRI at 2 images per HH - limited to Infec tive, onco logy, neur olog ical, dege nera tive condit ions, spec ific obste tric condit ions, cardiac / CVA- related cases and trauma cases.', 'CTsc ans- limit edto Infec tive, onco logy, neur olog ical, dege nera tive condit ions, spec ific obste tric condit ions, cardiac / CVA- related cases and trauma cases.', 'Fluor osco pyat 2 per house hold: Contin uous x-rays used for guiding angio graphic and interv enti onal proced ures, in cont rast, exam inat ions of the GI tract, and in the OR for certain surg ical proced ures (.. orthop edic, Urolog ical ).', 'Mammo grap hyat 2 per house hold per year: X-ray imaging of the breasts for diagn osis of clinic ally dete cted or scree ning - dete cted abnor mali ties.', 'Special ized ultra soun dsat 2 per house hold per year: For tendon inju ries (.. rotator cuff, Achi lles tendon ), detec tion and char acte riza tion of soft tissue masses']",itemized
SOCIAL HEALTH INSUR ANCE FUND,MEDICAL IMAGING AND OTHER INVE STI GATIONS PACKAGE,CT scans,"➢ All facilities with required imaging serv ices. ➢ Fluoros copy, Mammogr aphy, Echo cardiog rams, Electroen ceph alog rams ( EEG ), and special ized ultraso unds ( dopp lers ) to be purch ased from GOK Level IV-V hospi tals.",CT scans –,9.0,11.0,['CT scans and CT Angio – 2 images per house hold.'],"['MRI at 2 images per HH - limited to Infec tive, onco logy, neur olog ical, dege nera tive condit ions, spec ific obste tric condit ions, cardiac / CVA- related cases and trauma cases.', 'CTsc ans- limit edto Infec tive, onco logy, neur olog ical, dege nera tive condit ions, spec ific obste tric condit ions, cardiac / CVA- related cases and trauma cases.', 'Fluor osco pyat 2 per house hold: Contin uous x-rays used for guiding angio graphic and interv enti onal proced ures, in cont rast, exam inat ions of the GI tract, and in the OR for certain surg ical proced ures (.. orthop edic, Urolog ical ).', 'Mammo grap hyat 2 per house hold per year: X-ray imaging of the breasts for diagn osis of clinic ally dete cted or scree ning - dete cted abnor mali ties.', 'Special ized ultra soun dsat 2 per house hold per year: For tendon inju ries (.. rotator cuff, Achi lles tendon ), detec tion and char acte riza tion of soft tissue masses']",itemized
SOCIAL HEALTH INSUR ANCE FUND,MEDICAL IMAGING AND OTHER INVE STI GATIONS PACKAGE,CT Angio,"➢ All facilities with required imaging serv ices. ➢ Fluoros copy, Mammogr aphy, Echo cardiog rams, Electroen ceph alog rams ( EEG ), and special ized ultraso unds ( dopp lers ) to be purch ased from GOK Level IV-V hospi tals.",CT Angio –,8.0,11.0,[],"['MRI at 2 images per HH - limited to Infec tive, onco logy, neur olog ical, dege nera tive condit ions, spec ific obste tric condit ions, cardiac / CVA- related cases and trauma cases.', 'CTsc ans- limit edto Infec tive, onco logy, neur olog ical, dege nera tive condit ions, spec ific obste tric condit ions, cardiac / CVA- related cases and trauma cases.', 'Fluor osco pyat 2 per house hold: Contin uous x-rays used for guiding angio graphic and interv enti onal proced ures, in cont rast, exam inat ions of the GI tract, and in the OR for certain surg ical proced ures (.. orthop edic, Urolog ical ).', 'Mammo grap hyat 2 per house hold per year: X-ray imaging of the breasts for diagn osis of clinic ally dete cted or scree ning - dete cted abnor mali ties.', 'Special ized ultra soun dsat 2 per house hold per year: For tendon inju ries (.. rotator cuff, Achi lles tendon ), detec tion and char acte riza tion of soft tissue masses']",itemized
SOCIAL HEALTH INSUR ANCE FUND,MEDICAL IMAGING AND OTHER INVE STI GATIONS PACKAGE,Fluoros copy,"➢ All facilities with required imaging serv ices. ➢ Fluoros copy, Mammogr aphy, Echo cardiog rams, Electroen ceph alog rams ( EEG ), and special ized ultraso unds ( dopp lers ) to be purch ased from GOK Level IV-V hospi tals.",Fluoros copy –,4.0,11.0,[],"['MRI at 2 images per HH - limited to Infec tive, onco logy, neur olog ical, dege nera tive condit ions, spec ific obste tric condit ions, cardiac / CVA- related cases and trauma cases.', 'CTsc ans- limit edto Infec tive, onco logy, neur olog ical, dege nera tive condit ions, spec ific obste tric condit ions, cardiac / CVA- related cases and trauma cases.', 'Fluor osco pyat 2 per house hold: Contin uous x-rays used for guiding angio graphic and interv enti onal proced ures, in cont rast, exam inat ions of the GI tract, and in the OR for certain surg ical proced ures (.. orthop edic, Urolog ical ).', 'Mammo grap hyat 2 per house hold per year: X-ray imaging of the breasts for diagn osis of clinic ally dete cted or scree ning - dete cted abnor mali ties.', 'Special ized ultra soun dsat 2 per house hold per year: For tendon inju ries (.. rotator cuff, Achi lles tendon ), detec tion and char acte riza tion of soft tissue masses']",itemized
SOCIAL HEALTH INSUR ANCE FUND,MEDICAL IMAGING AND OTHER INVE STI GATIONS PACKAGE,Mammogr aphy,"➢ All facilities with required imaging serv ices. ➢ Fluoros copy, Mammogr aphy, Echo cardiog rams, Electroen ceph alog rams ( EEG ), and special ized ultraso unds ( dopp lers ) to be purch ased from GOK Level IV-V hospi tals.",Mammogr aphy –,3.0,11.0,[],"['MRI at 2 images per HH - limited to Infec tive, onco logy, neur olog ical, dege nera tive condit ions, spec ific obste tric condit ions, cardiac / CVA- related cases and trauma cases.', 'CTsc ans- limit edto Infec tive, onco logy, neur olog ical, dege nera tive condit ions, spec ific obste tric condit ions, cardiac / CVA- related cases and trauma cases.', 'Fluor osco pyat 2 per house hold: Contin uous x-rays used for guiding angio graphic and interv enti onal proced ures, in cont rast, exam inat ions of the GI tract, and in the OR for certain surg ical proced ures (.. orthop edic, Urolog ical ).', 'Mammo grap hyat 2 per house hold per year: X-ray imaging of the breasts for diagn osis of clinic ally dete cted or scree ning - dete cted abnor mali ties.', 'Special ized ultra soun dsat 2 per house hold per year: For tendon inju ries (.. rotator cuff, Achi lles tendon ), detec tion and char acte riza tion of soft tissue masses']",itemized
SOCIAL HEALTH INSUR ANCE FUND,MEDICAL IMAGING AND OTHER INVE STI GATIONS PACKAGE,Special ized ultraso unds ( Dopp lers ),"➢ All facilities with required imaging serv ices. ➢ Fluoros copy, Mammogr aphy, Echo cardiog rams, Electroen ceph alog rams ( EEG ), and special ized ultraso unds ( dopp lers ) to be purch ased from GOK Level IV-V hospi tals.",,,11.0,[],"['MRI at 2 images per HH - limited to Infec tive, onco logy, neur olog ical, dege nera tive condit ions, spec ific obste tric condit ions, cardiac / CVA- related cases and trauma cases.', 'CTsc ans- limit edto Infec tive, onco logy, neur olog ical, dege nera tive condit ions, spec ific obste tric condit ions, cardiac / CVA- related cases and trauma cases.', 'Fluor osco pyat 2 per house hold: Contin uous x-rays used for guiding angio graphic and interv enti onal proced ures, in cont rast, exam inat ions of the GI tract, and in the OR for certain surg ical proced ures (.. orthop edic, Urolog ical ).', 'Mammo grap hyat 2 per house hold per year: X-ray imaging of the breasts for diagn osis of clinic ally dete cted or scree ning - dete cted abnor mali ties.', 'Special ized ultra soun dsat 2 per house hold per year: For tendon inju ries (.. rotator cuff, Achi lles tendon ), detec tion and char acte riza tion of soft tissue masses']",itemized
SOCIAL HEALTH INSUR ANCE FUND,MEDICAL IMAGING AND OTHER INVE STI GATIONS PACKAGE,Echo cardiog rams ( ECHO ),"➢ All facilities with required imaging serv ices. ➢ Fluoros copy, Mammogr aphy, Echo cardiog rams, Electroen ceph alog rams ( EEG ), and special ized ultraso unds ( dopp lers ) to be purch ased from GOK Level IV-V hospi tals.",Echo cardiog rams ( ECHO ) –,3.0,11.0,[],"['MRI at 2 images per HH - limited to Infec tive, onco logy, neur olog ical, dege nera tive condit ions, spec ific obste tric condit ions, cardiac / CVA- related cases and trauma cases.', 'CTsc ans- limit edto Infec tive, onco logy, neur olog ical, dege nera tive condit ions, spec ific obste tric condit ions, cardiac / CVA- related cases and trauma cases.', 'Fluor osco pyat 2 per house hold: Contin uous x-rays used for guiding angio graphic and interv enti onal proced ures, in cont rast, exam inat ions of the GI tract, and in the OR for certain surg ical proced ures (.. orthop edic, Urolog ical ).', 'Mammo grap hyat 2 per house hold per year: X-ray imaging of the breasts for diagn osis of clinic ally dete cted or scree ning - dete cted abnor mali ties.', 'Special ized ultra soun dsat 2 per house hold per year: For tendon inju ries (.. rotator cuff, Achi lles tendon ), detec tion and char acte riza tion of soft tissue masses']",itemized
SOCIAL HEALTH INSUR ANCE FUND,MEDICAL IMAGING AND OTHER INVE STI GATIONS PACKAGE,Elect roen ceph alog rams ( EEGs ) and,"➢ All facilities with required imaging serv ices. ➢ Fluoros copy, Mammogr aphy, Echo cardiog rams, Electroen ceph alog rams ( EEG ), and special ized ultraso unds ( dopp lers ) to be purch ased from GOK Level IV-V hospi tals.",Electroen ceph alog rams ( EEGs ) –,5.0,11.0,[],"['MRI at 2 images per HH - limited to Infec tive, onco logy, neur olog ical, dege nera tive condit ions, spec ific obste tric condit ions, cardiac / CVA- related cases and trauma cases.', 'CTsc ans- limit edto Infec tive, onco logy, neur olog ical, dege nera tive condit ions, spec ific obste tric condit ions, cardiac / CVA- related cases and trauma cases.', 'Fluor osco pyat 2 per house hold: Contin uous x-rays used for guiding angio graphic and interv enti onal proced ures, in cont rast, exam inat ions of the GI tract, and in the OR for certain surg ical proced ures (.. orthop edic, Urolog ical ).', 'Mammo grap hyat 2 per house hold per year: X-ray imaging of the breasts for diagn osis of clinic ally dete cted or scree ning - dete cted abnor mali ties.', 'Special ized ultra soun dsat 2 per house hold per year: For tendon inju ries (.. rotator cuff, Achi lles tendon ), detec tion and char acte riza tion of soft tissue masses']",itemized
SOCIAL HEALTH INSUR ANCE FUND,MEDICAL IMAGING AND OTHER INVE STI GATIONS PACKAGE,Review ingand inte rpre ting radi olog ical images giving the diagno stic opinion and provi ding the referri ngph ysic ianw itha deta iled report ofthe imaging find ings for treat ment plan ning.,"➢ All facilities with required imaging serv ices. ➢ Fluoros copy, Mammogr aphy, Echo cardiog rams, Electroen ceph alog rams ( EEG ), and special ized ultraso unds ( dopp lers ) to be purch ased from GOK Level IV-V hospi tals.",,,11.0,[],"['MRI at 2 images per HH - limited to Infec tive, onco logy, neur olog ical, dege nera tive condit ions, spec ific obste tric condit ions, cardiac / CVA- related cases and trauma cases.', 'CTsc ans- limit edto Infec tive, onco logy, neur olog ical, dege nera tive condit ions, spec ific obste tric condit ions, cardiac / CVA- related cases and trauma cases.', 'Fluor osco pyat 2 per house hold: Contin uous x-rays used for guiding angio graphic and interv enti onal proced ures, in cont rast, exam inat ions of the GI tract, and in the OR for certain surg ical proced ures (.. orthop edic, Urolog ical ).', 'Mammo grap hyat 2 per house hold per year: X-ray imaging of the breasts for diagn osis of clinic ally dete cted or scree ning - dete cted abnor mali ties.', 'Special ized ultra soun dsat 2 per house hold per year: For tendon inju ries (.. rotator cuff, Achi lles tendon ), detec tion and char acte riza tion of soft tissue masses']",itemized
SOCIAL HEALTH INSUR ANCE FUND,MEDICAL IMAGING AND OTHER INVE STI GATIONS PACKAGE,,,,,,[],"['(.. cysti cors olid ), detecti onof for eignbo dies, / S-guid edbi opsy and inject ions, Bone / joint evalua tion pre- ossi fica tion (.. DDHine arly months ), doppler for venou sand arte rial dise ases, scrotal masses, pria pism, and testic ular torsion.', 'ECHO at 2 per house hold per year: Carotid sten osis, Pulmo nary embo lism, Kawa saki disease, Hype rten sion in chil dren, Conges tive heart failure, Congen ital heart disease, Spina bifida, Acute Isch emic stroke, Infec tive end ocard itis, Hodgkin ’ lymp homa, Sickle cell disease, Acute per icard itis, Valv ular heart disease.', 'Radio logy bene fits are tobe purch ased where the servi ceis avail able and on need basis.', 'All radio logy serv ices are to be pre- author ized.']",block
SOCIAL HEALTH INSUR ANCE FUND,PHAR MACY PACKAGE,Medic ines for select chronic condit ions:,➢ All public faci lity pharma cies ➢ All faith- based facility pharma cies ➢ Comm unit ypharma cies individu all yorthro ugha phar macy bene fits manager,,,,[],"['Quart erly limit of 5, 000 per person as capt ured inthe chronic disease regi stry']",block
SOCIAL HEALTH INSUR ANCE FUND,PHAR MACY PACKAGE,"Diab etes type 1 & 2,",➢ All public faci lity pharma cies ➢ All faith- based facility pharma cies ➢ Comm unit ypharma cies individu all yorthro ugha phar macy bene fits manager,,,,[],"['Quart erly limit of 5, 000 per person as capt ured inthe chronic disease regi stry']",block
SOCIAL HEALTH INSUR ANCE FUND,PHAR MACY PACKAGE,"Hype rten sion,",➢ All public faci lity pharma cies ➢ All faith- based facility pharma cies ➢ Comm unit ypharma cies individu all yorthro ugha phar macy bene fits manager,,,,[],"['Quart erly limit of 5, 000 per person as capt ured inthe chronic disease regi stry']",block
SOCIAL HEALTH INSUR ANCE FUND,PHAR MACY PACKAGE,"Asthma,",➢ All public faci lity pharma cies ➢ All faith- based facility pharma cies ➢ Comm unit ypharma cies individu all yorthro ugha phar macy bene fits manager,,,,[],"['Quart erly limit of 5, 000 per person as capt ured inthe chronic disease regi stry']",block
SOCIAL HEALTH INSUR ANCE FUND,PHAR MACY PACKAGE,Chronic renal disea seon dial ysis,➢ All public faci lity pharma cies ➢ All faith- based facility pharma cies ➢ Comm unit ypharma cies individu all yorthro ugha phar macy bene fits manager,,,,[],"['Quart erly limit of 5, 000 per person as capt ured inthe chronic disease regi stry']",block
SOCIAL HEALTH INSUR ANCE FUND,PHAR MACY PACKAGE,Post transp lant immuno supp ress ants,➢ All public faci lity pharma cies ➢ All faith- based facility pharma cies ➢ Comm unit ypharma cies individu all yorthro ugha phar macy bene fits manager,,,,[],"['Quart erly limit of 5, 000 per person as capt ured inthe chronic disease regi stry']",block
SOCIAL HEALTH INSUR ANCE FUND,PHAR MACY PACKAGE,"Chronic obstruc tive pulmo nary disease,",➢ All public faci lity pharma cies ➢ All faith- based facility pharma cies ➢ Comm unit ypharma cies individu all yorthro ugha phar macy bene fits manager,,,,[],"['Quart erly limit of 5, 000 per person as capt ured inthe chronic disease regi stry']",block
SOCIAL HEALTH INSUR ANCE FUND,PHAR MACY PACKAGE,Sickle cell,➢ All public faci lity pharma cies ➢ All faith- based facility pharma cies ➢ Comm unit ypharma cies individu all yorthro ugha phar macy bene fits manager,,,,[],"['Quart erly limit of 5, 000 per person as capt ured inthe chronic disease regi stry']",block
SOCIAL HEALTH INSUR ANCE FUND,PHAR MACY PACKAGE,Onco logy medic ines,➢ All public faci lity pharma cies ➢ All faith- based facility pharma cies ➢ Comm unit ypharma cies individu all yorthro ugha phar macy bene fits manager,,,,[],"['Quart erly limit of 5, 000 per person as capt ured inthe chronic disease regi stry']",block
SOCIAL HEALTH INSUR ANCE FUND,PHAR MACY PACKAGE,Anti-D,➢ All public faci lity pharma cies ➢ All faith- based facility pharma cies ➢ Comm unit ypharma cies individu all yorthro ugha phar macy bene fits manager,,,,[],"['Quart erly limit of 5, 000 per person as capt ured inthe chronic disease regi stry']",block
SOCIAL HEALTH INSUR ANCE FUND,PHAR MACY PACKAGE,Anti Snake Venom,➢ All public faci lity pharma cies ➢ All faith- based facility pharma cies ➢ Comm unit ypharma cies individu all yorthro ugha phar macy bene fits manager,,,,[],"['Quart erly limit of 5, 000 per person as capt ured inthe chronic disease regi stry']",block
SOCIAL HEALTH INSUR ANCE FUND,PHAR MACY PACKAGE,Anti Rabies,➢ All public faci lity pharma cies ➢ All faith- based facility pharma cies ➢ Comm unit ypharma cies individu all yorthro ugha phar macy bene fits manager,,,,[],"['Quart erly limit of 5, 000 per person as capt ured inthe chronic disease regi stry']",block
SOCIAL HEALTH INSUR ANCE FUND,PHAR MACY PACKAGE,Mental Health long-ac ting medic ines,➢ All public faci lity pharma cies ➢ All faith- based facility pharma cies ➢ Comm unit ypharma cies individu all yorthro ugha phar macy bene fits manager,,,,[],"['Quart erly limit of 5, 000 per person as capt ured inthe chronic disease regi stry']",block
SOCIAL HEALTH INSUR ANCE FUND,PHAR MACY PACKAGE,Epil epsy SPECIAL IZED LABORA TORY SERVICE,➢ All public faci lity pharma cies ➢ All faith- based facility pharma cies ➢ Comm unit ypharma cies individu all yorthro ugha phar macy bene fits manager,,,,[],"['Quart erly limit of 5, 000 per person as capt ured inthe chronic disease regi stry']",block
SOCIAL HEALTH INSUR ANCE FUND,PHAR MACY PACKAGE,Special ized testing as capt ured in the essen tial labora tory list sand WHO lists for the chronic condit ions:,"➢ ClassC, DandE public faci lity, faith based, and contra cted indepen dent Class, and labo rato ries",,,,[],"['Quart erly limit of 5, 000 per person as capt ured inthe chronic disease regi stry']",block
SOCIAL HEALTH INSUR ANCE FUND,PHAR MACY PACKAGE,"Diab etes type 1 & 2,","➢ ClassC, DandE public faci lity, faith based, and contra cted indepen dent Class, and labo rato ries",,,,[],"['Quart erly limit of 5, 000 per person as capt ured inthe chronic disease regi stry']",block
SOCIAL HEALTH INSUR ANCE FUND,PHAR MACY PACKAGE,"Hype rten sion,","➢ ClassC, DandE public faci lity, faith based, and contra cted indepen dent Class, and labo rato ries",,,,[],"['Quart erly limit of 5, 000 per person as capt ured inthe chronic disease regi stry']",block
SOCIAL HEALTH INSUR ANCE FUND,PHAR MACY PACKAGE,Asthma,"➢ ClassC, DandE public faci lity, faith based, and contra cted indepen dent Class, and labo rato ries",,,,[],"['Quart erly limit of 5, 000 per person as capt ured inthe chronic disease regi stry']",block
SOCIAL HEALTH INSUR ANCE FUND,PHAR MACY PACKAGE,Chronic renal disea seon dial ysis,"➢ ClassC, DandE public faci lity, faith based, and contra cted indepen dent Class, and labo rato ries",,,,[],"['Quart erly limit of 5, 000 per person as capt ured inthe chronic disease regi stry']",block
SOCIAL HEALTH INSUR ANCE FUND,PHAR MACY PACKAGE,Post transp lant immun osup pres sion,"➢ ClassC, DandE public faci lity, faith based, and contra cted indepen dent Class, and labo rato ries",,,,[],"['Quart erly limit of 5, 000 per person as capt ured inthe chronic disease regi stry']",block
SOCIAL HEALTH INSUR ANCE FUND,PHAR MACY PACKAGE,Chronic obstruc tive pulmo nary disease,"➢ ClassC, DandE public faci lity, faith based, and contra cted indepen dent Class, and labo rato ries",,,,[],"['Quart erly limit of 5, 000 per person as capt ured inthe chronic disease regi stry']",block
SOCIAL HEALTH INSUR ANCE FUND,PHAR MACY PACKAGE,Sickle cell,"➢ ClassC, DandE public faci lity, faith based, and contra cted indepen dent Class, and labo rato ries",,,,[],"['Quart erly limit of 5, 000 per person as capt ured inthe chronic disease regi stry']",block
SOCIAL HEALTH INSUR ANCE FUND,PHAR MACY PACKAGE,Onco logy medic ines,"➢ ClassC, DandE public faci lity, faith based, and contra cted indepen dent Class, and labo rato ries",,,,[],"['Quart erly limit of 5, 000 per person as capt ured inthe chronic disease regi stry']",block
SOCIAL HEALTH INSUR ANCE FUND,PHAR MACY PACKAGE,Anti-D,"➢ ClassC, DandE public faci lity, faith based, and contra cted indepen dent Class, and labo rato ries",,,,[],"['Quart erly limit of 5, 000 per person as capt ured inthe chronic disease regi stry']",block
SOCIAL HEALTH INSUR ANCE FUND,PHAR MACY PACKAGE,Anti Snake Venom,"➢ ClassC, DandE public faci lity, faith based, and contra cted indepen dent Class, and labo rato ries",,,,[],"['Quart erly limit of 5, 000 per person as capt ured inthe chronic disease regi stry']",block
SOCIAL HEALTH INSUR ANCE FUND,PHAR MACY PACKAGE,Anti Rabies,"➢ ClassC, DandE public faci lity, faith based, and contra cted indepen dent Class, and labo rato ries",,,,[],"['Quart erly limit of 5, 000 per person as capt ured inthe chronic disease regi stry']",block
SOCIAL HEALTH INSUR ANCE FUND,PHAR MACY PACKAGE,Mental Health long-ac ting medic ines,"➢ ClassC, DandE public faci lity, faith based, and contra cted indepen dent Class, and labo rato ries",,,,[],"['Quart erly limit of 5, 000 per person as capt ured inthe chronic disease regi stry']",block
SOCIAL HEALTH INSUR ANCE FUND,PHAR MACY PACKAGE,Epil epsy,"➢ ClassC, DandE public faci lity, faith based, and contra cted indepen dent Class, and labo rato ries",,,,[],"['Quart erly limit of 5, 000 per person as capt ured inthe chronic disease regi stry']",block
SOCIAL HEALTH INSUR ANCE FUND,END OF LIFE SERV ICES,Prepara tion and storage of the body in mort uary,Level 4 - 6,,,500.0,[],['Limit up to 5 days'],block
"EMERG ENCY, CHRONIC AND CRIT ICAL ILLNESS FUND",AMBUL ANCE EVACUA TION SERV ICES,Evacua tion from the pointof the inci dent to the nearest faci lity with an & center and the tran sfer of pati ents requi ring emerg ency and further clin ical care from the faci lity.,Mana geme ntof all trans fers / evacuation sthro ugha Nati onal Ambul ance Call Centre,,,4.0,[],"['Access ible by all Kenyans', 'Procure ment ofthegr ound evacua tion serv ices, as an outsou rced service to prov ider / consor tium of provi ders able to meet the crit eria set for at least one region.']",itemized
"EMERG ENCY, CHRONIC AND CRIT ICAL ILLNESS FUND",ACCI DENT & EMERG ENCY SERV ICES,This cover incl udes resus cita tion and stabi liza tion due to:,Level 2 - 6,,,5015.0,['Resus cita tion and stabi liza tion to be acce ssed from level 2 - 6 byall resid ents in Kenya.'],"['Care for uptoam axim umof 24 hours after which the SHIFis activ ated for paid up members.', 'The amounts prov ided arethe maximum reim burs able tariffs. The Autho rity shall reimb urse the hosp ital bill amount to the maximum tariffs prov ided.']",itemized
"EMERG ENCY, CHRONIC AND CRIT ICAL ILLNESS FUND",ACCI DENT & EMERG ENCY SERV ICES,Cardiac and pulmo nary arrest,Level 2 - 6,Cardiac and pulmonary arrest –,5015.0,5015.0,[],"['Care for uptoam axim umof 24 hours after which the SHIFis activ ated for paid up members.', 'The amounts prov ided arethe maximum reim burs able tariffs. The Autho rity shall reimb urse the hosp ital bill amount to the maximum tariffs prov ided.']",itemized
"EMERG ENCY, CHRONIC AND CRIT ICAL ILLNESS FUND",ACCI DENT & EMERG ENCY SERV ICES,"Major trauma ( severe burns, head inju ries, severe wounds, mult iple fract ures )",Level 2 - 6,"Major trauma ( severe burns, head inju ries, severe wounds, mult iple fract ures )–",13.0,5015.0,[],"['Care for uptoam axim umof 24 hours after which the SHIFis activ ated for paid up members.', 'The amounts prov ided arethe maximum reim burs able tariffs. The Autho rity shall reimb urse the hosp ital bill amount to the maximum tariffs prov ided.']",itemized
"EMERG ENCY, CHRONIC AND CRIT ICAL ILLNESS FUND",ACCI DENT & EMERG ENCY SERV ICES,"Shockst ates ( Haem orrh agic, septic, dehydra tion )",Level 2 - 6,,,5015.0,[],"['Care for uptoam axim umof 24 hours after which the SHIFis activ ated for paid up members.', 'The amounts prov ided arethe maximum reim burs able tariffs. The Autho rity shall reimb urse the hosp ital bill amount to the maximum tariffs prov ided.']",itemized
"EMERG ENCY, CHRONIC AND CRIT ICAL ILLNESS FUND",ACCI DENT & EMERG ENCY SERV ICES,"Altere dlev elof consc ious ness ( unconsc ious ness, confu sion ) Severe respira tory dist ress",Level 2 - 6,,,5015.0,[],"['Care for uptoam axim umof 24 hours after which the SHIFis activ ated for paid up members.', 'The amounts prov ided arethe maximum reim burs able tariffs. The Autho rity shall reimb urse the hosp ital bill amount to the maximum tariffs prov ided.']",itemized
"EMERG ENCY, CHRONIC AND CRIT ICAL ILLNESS FUND",ACCI DENT & EMERG ENCY SERV ICES,Seiz ures,Level 2 - 6,,,5015.0,[],"['Care for uptoam axim umof 24 hours after which the SHIFis activ ated for paid up members.', 'The amounts prov ided arethe maximum reim burs able tariffs. The Autho rity shall reimb urse the hosp ital bill amount to the maximum tariffs prov ided.']",itemized
"EMERG ENCY, CHRONIC AND CRIT ICAL ILLNESS FUND",ACCI DENT & EMERG ENCY SERV ICES,Chest pain ( Acute Coro nary Synd rome / Pulmo nary embo lism ) Acute Cerebro vasc ular Accid ents ( Strokes ),"➢ Shockst ates ( Haem orrh agic, septic, dehydra tion ) - KES 7, 637 for inve sti gations and KES 67, 272 for manage ment. ➢ Altere dlev elof consc ious ness ( unconsc ious ness, confu sion )- KES 12, 656 for inve sti gations and KES 8, 000 for manage ment. ➢ Severe respira tory dist ress - KES 6, 315 for investigations and KES 8, 000 for manage ment. ➢ Seiz ures - KES 12, 156 for investigations and KES 8, 950 for manage ment. ➢ Chest pain ( Acute Coro nary Syndrome / Pulmonary embolism )- KES 11, 233 for investigations and KES 41, 400 for manage ment. ➢ Acute Cerebrovascular Accid ents ( Strokes ) - KES 11, 033 for inve sti gations andKES 95, 200 for manage ment. ➢ Anti Snake Venom – Up to KES 6, 600 for first dose",,,,[],[],block
"EMERG ENCY, CHRONIC AND CRIT ICAL ILLNESS FUND",ACCI DENT & EMERG ENCY SERV ICES,Anti Snake Venom & Anti Rabies,"➢ Shockst ates ( Haem orrh agic, septic, dehydra tion ) - KES 7, 637 for inve sti gations and KES 67, 272 for manage ment. ➢ Altere dlev elof consc ious ness ( unconsc ious ness, confu sion )- KES 12, 656 for inve sti gations and KES 8, 000 for manage ment. ➢ Severe respira tory dist ress - KES 6, 315 for investigations and KES 8, 000 for manage ment. ➢ Seiz ures - KES 12, 156 for investigations and KES 8, 950 for manage ment. ➢ Chest pain ( Acute Coro nary Syndrome / Pulmonary embolism )- KES 11, 233 for investigations and KES 41, 400 for manage ment. ➢ Acute Cerebrovascular Accid ents ( Strokes ) - KES 11, 033 for inve sti gations andKES 95, 200 for manage ment. ➢ Anti Snake Venom – Up to KES 6, 600 for first dose",,,,[],[],block
"EMERG ENCY, CHRONIC AND CRIT ICAL ILLNESS FUND",ACCI DENT & EMERG ENCY SERV ICES,,,,,3.0,[],[],block
"EMERG ENCY, CHRONIC AND CRIT ICAL ILLNESS FUND",CRIT ICAL ILLNESS PACKAGE,"This will cater for Crit ical care admis sion sinI nten sive Care Unit ( ICU ), High Depend ency Unit ( HDU ), - include NICU, PICU, Burns Unit",Level 4 - 6,,,35.0,[],"['ICU up to 14 days', 'HDU up to 10 days', 'Co-pay ment for amounts above daily per diem rate']",itemized
"EMERG ENCY, CHRONIC AND CRIT ICAL ILLNESS FUND",PALLIA TIVE CARE SERV ICES,"This benefit aims at enhan cing the quality of life for pati ents with serious chronic or life - thr eate ning illne sses which incl udes symptom manage ment, psycho social support, care giver support and end - of- life care. CHRONIC ILLNE SSES",Level 4 - 6,,,5.0,[],"['Up to 60 days', 'Co-pay ment for amounts above daily per diem rate']",itemized
"EMERG ENCY, CHRONIC AND CRIT ICAL ILLNESS FUND",PALLIA TIVE CARE SERV ICES,"Long itud inal mana geme ntof chronic condi tion sand dise ases beyond the SHIF limit for diab etes mellitu sand itsc ompl icat ions, hype rten sion, cardio vasc ular condit ions, asthma, COPD, sickle cell disease, dial ysis, pre- transp lant evalua tion, immun osup pres sive therapy post renal transp lant,",Level 4 - 6,,,,[],['Must be paid up SHIF member.'],block
"EMERG ENCY, CHRONIC AND CRIT ICAL ILLNESS FUND",PALLIA TIVE CARE SERV ICES,Manage ment of cancers beyond the SHIF limit,Level 4 - 6,,,,[],['Must be paid up SHIF member.'],block
"EMERG ENCY, CHRONIC AND CRIT ICAL ILLNESS FUND",PALLIA TIVE CARE SERV ICES,"Mana geme ntof mental, neur odev elop mental, affec tive, psyc hoac tive disor ders and subst ance addic tive disor ders and other mental health condit ions",Level 4 - 6,,,,[],['Must be paid up SHIF member.'],block
"EMERG ENCY, CHRONIC AND CRIT ICAL ILLNESS FUND",PALLIA TIVE CARE SERV ICES,Sele cted special ized surge ries ASSIS TIVE DEVICES,Level 4 - 6,,,,[],['Must be paid up SHIF member.'],block
"EMERG ENCY, CHRONIC AND CRIT ICAL ILLNESS FUND",PALLIA TIVE CARE SERV ICES,Provi sion of assis tive devices to support pati ents with per manent phys ical and / or sensory disa bili ties and progres sive chronic condit ions such as Parki nson ’ Disease and mult iple scler osis.,Level 4 - 6,,,55.0,[],"['Medical devices will only be issued to persons with per manent disabi lity recogn ized by the Nati onal Council for Persons with Disabi lity', 'One device per house hold per year, except for the rape utic foot wear, which has limit of two per house hold per year.', 'Hearing Aids are limited to individ uals aged 18 years and below and will only be issued once per life time.', 'Devices requ ired due to tempo rary inabi lity or immobi lity will be fact ored in the surg ical package.']",itemized
