specialty,procedure_id,procedure_name,tariff_kes,page_num
Cardiology,103,Thoracic Endovascular Aneurysm Repair (TEVAR),2186800.0,24
Cardiology,59,Endovascular Aneurysm Repair (EVAR),1626800.0,21
Cardiology,42,CABG + Double Valve Replacement,1442000.0,21
Cardiology,51,Complex repair for congenital heart disease,1248800.0,21
Cardiology,58,Double Valve Replacement,1248800.0,21
Cardiology,43,CABG + MWR/AVR,1220800.0,21
Cardiology,33,Aortic Valve Replacement (AVR),1064000.0,20
Cardiology,70,Mitral Valve Replacement (MVR),1064000.0,22
Cardiology,50,Complete Atrioventricular Canal Defect Repair,1024800.0,21
Cardiology,38,Bidirectional Glenn Shunt,954800.0,20
Cardiology,38,and Vascular Bidirectional Glenn Shunt,954800.0,20
Cardiology,64,and Vascular Fontan procedure,954800.0,22
Cardiology,101,Tetralogy of Fallot Repair,952000.0,23
Cardiology,101,and Vascular Tetralogy of Fallot Repair,952000.0,23
Cardiology,54,Coronary artery Bypass Grafting (CABG),868000.0,21
Cardiology,54,and Vascular Coronary artery Bypass Grafting (CABG),868000.0,21
Cardiology,116,Ventricular Septal Defect Closure,868000.0,24
Cardiology,116,and Vascular Ventricular Septal Defect Closure,868000.0,24
Cardiology,35,Atrial Septal Defect Closure,784000.0,20
Cardiology,35,and Vascular Atrial Septal Defect Closure,784000.0,20
Cardiology,83,Partial Atrioventricular Canal Defect Repair,784000.0,23
Cardiology,83,and Vascular Partial Atrioventricular Canal Defect Repair,784000.0,23
Cardiology,74,Oesophagectomy,747600.0,22
Cardiology,74,and Vascular Oesophagectomy,747600.0,22
Cardiology,105,Tracheal Stenosis Resection and Anastomosis,747600.0,24
Cardiology,108,Traumatic Tracheal/Bronchial Disruption repair and anastomosis,747600.0,24
Cardiology,105,and Vascular Tracheal Stenosis Resection and Anastomosis,747600.0,24
Cardiology,108,and Vascular Traumatic Tracheal/Bronchial Disruption repair and anastomosis,747600.0,24
Cardiology,39,Blalock Taussig (BT) Shunt,688800.0,20
Cardiology,39,and Vascular Blalock Taussig (BT) Shunt,688800.0,20
Cardiology,46,Carotid Body Tumour Redo Surgery,646800.0,21
Cardiology,46,and Vascular Carotid Body Tumour Redo Surgery,646800.0,21
Cardiology,1,Aortic Valvuloplasty,620000.0,19
Cardiology,31,Anterior Chest Wall Mass Excision and Reconstruction,599200.0,20
Cardiology,32,Anterior Mediastinal Mass Resection,599200.0,20
Cardiology,31,and Vascular Anterior Chest Wall Mass Excision and Reconstruction,599200.0,20
Cardiology,32,and Vascular Anterior Mediastinal Mass Resection,599200.0,20
Cardiology,75,Open Lobectomy,590800.0,22
Cardiology,75,and Vascular Open Lobectomy,590800.0,22
Cardiology,119,Video Assisted Thoracoscopic Surgery (VATS) Lobectomy,590800.0,24
Cardiology,119,and Vascular Video Assisted Thoracoscopic Surgery (VATS) Lobectomy,590800.0,24
Cardiology,40,Bronchopleural fistula repair,562800.0,21
Cardiology,40,and Vascular Bronchopleural fistula repair,562800.0,21
Cardiology,73,Oesophageal perforation Repair,554400.0,22
Cardiology,79,Open Removal of Esophageal Foreign Body,554400.0,22
Cardiology,80,Open Removal of Tracheal/Bronchial Foreign Body,554400.0,22
Cardiology,73,and Vascular Oesophageal perforation Repair,554400.0,22
Cardiology,79,and Vascular Open Removal of Esophageal Foreign Body,554400.0,22
Cardiology,80,and Vascular Open Removal of Tracheal/Bronchial Foreign Body,554400.0,22
Cardiology,86,Pericardiectomy,554400.0,23
Cardiology,86,and Vascular Pericardiectomy,554400.0,23
Cardiology,5,Cardiac Resynchronization Therapy Pacemaker (CRT-P),537600.0,19
Cardiology,7,Coronary Angioplasty (with single or Multiple Stents),537600.0,19
Cardiology,14,Loop recorder - reveal link,537600.0,19
Cardiology,55,and Vascular Cox Maze IV Procedure,513000.0,21
Cardiology,4,Cardiac Resynchronization Therapy Defibrillator (CRT- D) device,504000.0,19
Cardiology,10,Implantable Converter Defibrillator (ICD) Dual chamber insertion,504000.0,19
Cardiology,27,Thoracic endovascular aortic repair (TEVAR),504000.0,20
Cardiology,27,Thoracic endovascular aortic repair (TEVAR),504000.0,20
Cardiology,111,Vascular Exposure and Safeguarding for Anterior Lumbar Interbody Fusion,498400.0,24
Cardiology,111,and Vascular Vascular Exposure and Safeguarding for Anterior Lumbar Interbody Fusion,498400.0,24
Cardiology,95,Pulmonary Artery Banding,481600.0,23
Cardiology,95,and Vascular Pulmonary Artery Banding,481600.0,23
Cardiology,60,Esophagostomy,470400.0,21
Cardiology,60,and Vascular Esophagostomy,470400.0,21
Cardiology,21,Pulmonary Valvoplasty,448000.0,20
Cardiology,21,Pulmonary Valvoplasty,448000.0,20
Cardiology,2,ASD percutaneous device closure,414400.0,19
Cardiology,17,PDA percutaneous device closure,414400.0,19
Cardiology,28,VSD percutanoeus device closure,414400.0,20
Cardiology,28,VSD percutanoeus device closure,414400.0,20
Cardiology,107,Transcatheter percutaneous device PDA closure,414400.0,24
Cardiology,107,and Vascular Transcatheter percutaneous device PDA closure,414400.0,24
Cardiology,16,Mitral Valvoplasty,392000.0,19
Cardiology,29,Abdominal Aortic Aneurym Repair (Open),392000.0,20
Cardiology,29,and Vascular Abdominal Aortic Aneurym Repair (Open),392000.0,20
Cardiology,57,Dissected Aortic Aneurysm Repair (Open),392000.0,21
Cardiology,57,and Vascular Dissected Aortic Aneurysm Repair (Open),392000.0,21
Cardiology,81,Other aneurysms repair,392000.0,22
Cardiology,81,and Vascular Other aneurysms repair,392000.0,22
Cardiology,88,Peripheral Vascular Disease (PAD) Bypass Grafting,392000.0,23
Cardiology,88,and Vascular Peripheral Vascular Disease (PAD) Bypass Grafting,392000.0,23
Cardiology,102,Thoracic Aortic Aneurysm Repair (Open),392000.0,24
Cardiology,102,and Vascular Thoracic Aortic Aneurysm Repair (Open),392000.0,24
Cardiology,34,Arteriovenous Malformation Resection,386400.0,20
Cardiology,34,and Vascular Arteriovenous Malformation Resection,386400.0,20
Cardiology,67,Heller's myotomy,386400.0,22
Cardiology,67,and Vascular Heller's myotomy,386400.0,22
Cardiology,15,Loop recorder-reveal xt,358400.0,19
Cardiology,106,Tracheal/Bronchial Reconstruction,358400.0,24
Cardiology,106,and Vascular Tracheal/Bronchial Reconstruction,358400.0,24
Cardiology,76,Open Lung Biopsy,350000.0,22
Cardiology,76,and Vascular Open Lung Biopsy,350000.0,22
Cardiology,92,Peripheral Vascular Disease (PAD) Vascular Amputation,350000.0,23
Cardiology,92,and Vascular Peripheral Vascular Disease (PAD) Vascular Amputation,350000.0,23
Cardiology,104,Thoracotomy,350000.0,24
Cardiology,104,and Vascular Thoracotomy,350000.0,24
Cardiology,77,Open Patent Ductus Arteriosus (PDA) surgery,313600.0,22
Cardiology,77,and Vascular Open Patent Ductus Arteriosus (PDA) surgery,313600.0,22
Cardiology,9,Dual Chamber pacemaker insertion (permanent),280000.0,19
Cardiology,19,Peripheral Angioplasty,280000.0,20
Cardiology,22,Renal artery stenting,280000.0,20
Cardiology,30,Achalasia cardia/Diverticulum,280000.0,20
Cardiology,19,Peripheral Angioplasty,280000.0,20
Cardiology,22,Renal artery stenting,280000.0,20
Cardiology,30,and Vascular Achalasia cardia/Diverticulum,280000.0,20
Cardiology,48,Coarctation of Aorta repair with graft,280000.0,21
Cardiology,49,Coarctation of Aorta repair without graft,280000.0,21
Cardiology,48,and Vascular Coarctation of Aorta repair with graft,280000.0,21
Cardiology,49,and Vascular Coarctation of Aorta repair without graft,280000.0,21
Cardiology,63,Excision of Mediastinal Tumour,280000.0,22
Cardiology,78,Open Pneumonectomy,280000.0,22
Cardiology,63,and Vascular Excision of Mediastinal Tumour,280000.0,22
Cardiology,78,and Vascular Open Pneumonectomy,280000.0,22
Cardiology,90,Peripheral Vascular Disease (PAD) Endovascular Balloon Angioplasty,280000.0,23
Cardiology,91,Peripheral Vascular Disease (PAD) Endovascular Stenting,280000.0,23
Cardiology,90,and Vascular Peripheral Vascular Disease (PAD) Endovascular Balloon Angioplasty,280000.0,23
Cardiology,91,and Vascular Peripheral Vascular Disease (PAD) Endovascular Stenting,280000.0,23
Cardiology,120,Video Assisted Thoracoscopic Surgery (VATS) Pneumonectomy,280000.0,24
Cardiology,120,and Vascular Video Assisted Thoracoscopic Surgery (VATS) Pneumonectomy,280000.0,24
Cardiology,114,Venous Insufficiency Radiofrequency Ablation,271600.0,24
Cardiology,114,and Vascular Venous Insufficiency Radiofrequency Ablation,271600.0,24
Cardiology,112,Venous Insufficiency Laser Ablation,263200.0,24
Cardiology,112,and Vascular Venous Insufficiency Laser Ablation,263200.0,24
Cardiology,45,Carotid Body Tumour Excision,246400.0,21
Cardiology,45,and Vascular Carotid Body Tumour Excision,246400.0,21
Cardiology,117,Vessel bypass Surgery,246400.0,24
Cardiology,117,and Vascular Vessel bypass Surgery,246400.0,24
Cardiology,113,Venous Insufficiency Perforator Ligation,229600.0,24
Cardiology,115,Venous Insufficiency Stripping,229600.0,24
Cardiology,113,and Vascular Venous Insufficiency Perforator Ligation,229600.0,24
Cardiology,115,and Vascular Venous Insufficiency Stripping,229600.0,24
Cardiology,25,Single Chamber pacemaker insertion (permanent),224000.0,20
Cardiology,25,Single Chamber pacemaker insertion (permanent),224000.0,20
Cardiology,56,Diaphragmatic Hernia Repair,224000.0,21
Cardiology,56,and Vascular Diaphragmatic Hernia Repair,224000.0,21
Cardiology,69,Lung decortication,224000.0,22
Cardiology,71,Mitral Valvotomy / Balloon,224000.0,22
Cardiology,69,and Vascular Lung decortication,224000.0,22
Cardiology,71,and Vascular Mitral Valvotomy / Balloon,224000.0,22
Cardiology,94,Primary Open Pacemaker implantation,224000.0,23
Cardiology,98,Simple tracheal/Bronchial fistula repairs,224000.0,23
Cardiology,94,and Vascular Primary Open Pacemaker implantation,224000.0,23
Cardiology,98,and Vascular Simple tracheal/Bronchial fistula repairs,224000.0,23
Cardiology,118,Video Assisted Thoracoscopic Surgery (VATS) Decortication,224000.0,24
Cardiology,118,and Vascular Video Assisted Thoracoscopic Surgery (VATS) Decortication,224000.0,24
Cardiology,3,Atrial Septostomy,201600.0,19
Cardiology,52,Congenital AV fistula malformation Resection,201600.0,21
Cardiology,52,and Vascular Congenital AV fistula malformation Resection,201600.0,21
Cardiology,97,"Simple Thoracotomy-Retained Haemothrax /Duct ligation/pleurodesis/FB
removal",201600.0,23
Cardiology,97,and Vascular,201600.0,23
Cardiology,47,Closed valvotomy,192000.0,21
Cardiology,47,and Vascular Closed valvotomy,192000.0,21
Cardiology,12,Intra- Aortic Balloon Pump,168000.0,19
Cardiology,13,IVC Filter insertion,168000.0,19
Cardiology,62,ESRD AV Graft Surgery,168000.0,22
Cardiology,62,and Vascular ESRD AV Graft Surgery,168000.0,22
Cardiology,89,Peripheral Vascular Disease (PAD) Embolectomy,168000.0,23
Cardiology,89,and Vascular Peripheral Vascular Disease (PAD) Embolectomy,168000.0,23
Cardiology,23,Retrival of Foreign bodies,145600.0,20
Cardiology,24,Right and Left Catheterization,145600.0,20
Cardiology,23,Retrival of Foreign bodies,145600.0,20
Cardiology,24,Right and Left Catheterization,145600.0,20
Cardiology,44,Carotid Artery Endarterectomy,145600.0,21
Cardiology,44,and Vascular Carotid Artery Endarterectomy,145600.0,21
Cardiology,96,Repair of Ruptured Diaphragm,145600.0,23
Cardiology,96,and Vascular Repair of Ruptured Diaphragm,145600.0,23
Cardiology,109,Traumatic Vascular Injury Repair,145600.0,24
Cardiology,109,and Vascular Traumatic Vascular Injury Repair,145600.0,24
Cardiology,93,Pleurodesis,144200.0,23
Cardiology,93,and Vascular Pleurodesis,144200.0,23
Cardiology,110,Tube Thoracostomy,144200.0,24
Cardiology,110,and Vascular Tube Thoracostomy,144200.0,24
Cardiology,82,Pacemaker Change of battery,134400.0,23
Cardiology,82,and Vascular Pacemaker Change of battery,134400.0,23
Cardiology,99,Splenorenal shunt,112000.0,23
Cardiology,99,and Vascular Splenorenal shunt,112000.0,23
Cardiology,66,Gastrostomy/Jejunostomy,89600.0,22
Cardiology,66,and Vascular Gastrostomy/Jejunostomy,89600.0,22
Cardiology,84,Pericardial Catheterization,89600.0,23
Cardiology,85,Pericardial Window,89600.0,23
Cardiology,100,Subfascial DVT ligation + skin graft,89600.0,23
Cardiology,84,and Vascular Pericardial Catheterization,89600.0,23
Cardiology,85,and Vascular Pericardial Window,89600.0,23
Cardiology,100,and Vascular Subfascial DVT ligation + skin graft,89600.0,23
Cardiology,6,Coronary angiography (diagnostic),78400.0,19
Cardiology,8,Diagnostic catheterization,78400.0,19
Cardiology,20,Pulmonary artery catheterization,78400.0,20
Cardiology,20,Pulmonary artery catheterization,78400.0,20
Cardiology,41,Bronchoscopy and removal of FB,78400.0,21
Cardiology,41,and Vascular Bronchoscopy and removal of FB,78400.0,21
Cardiology,61,ESRD AV Fistula Creation,78400.0,22
Cardiology,61,and Vascular ESRD AV Fistula Creation,78400.0,22
Cardiology,18,Peripheral Angiography,56000.0,19
Cardiology,87,Pericardiocentesis,56000.0,23
Cardiology,87,and Vascular Pericardiocentesis,56000.0,23
Cardiology,26,Single pacemaker insertion (temporary),44800.0,20
Cardiology,26,Single pacemaker insertion (temporary),44800.0,20
Cardiology,68,Insertion of MB tube,44800.0,22
Cardiology,72,Myocardial Biopsy,44800.0,22
Cardiology,68,and Vascular Insertion of MB tube,44800.0,22
Cardiology,72,and Vascular Myocardial Biopsy,44800.0,22
Cardiology,36,AV Fistula Take down,33600.0,20
Cardiology,36,and Vascular AV Fistula Take down,33600.0,20
Cardiology,103,and Vascular Thoracic Endovascular Aneurysm Repair (TEVAR),2186.0,24
Cardiology,59,and Vascular Endovascular Aneurysm Repair (EVAR),1626.0,21
Cardiology,42,and Vascular CABG + Double Valve Replacement,1442.0,21
Cardiology,65,and Vascular Frozen Elephant Trunk (FET) Procedure,1411.0,22
Cardiology,37,and Vascular Bentall's Procedure,1358.0,20
Cardiology,53,and Vascular Conventional Elephant Trunk (CET) Procedure,1302.0,21
Cardiology,51,and Vascular Complex repair for congenital heart disease,1248.0,21
Cardiology,58,and Vascular Double Valve Replacement,1248.0,21
Cardiology,43,and Vascular CABG + MWR/AVR,1220.0,21
Cardiology,33,and Vascular Aortic Valve Replacement (AVR),1064.0,20
Cardiology,70,and Vascular Mitral Valve Replacement (MVR),1064.0,22
Cardiology,50,and Vascular Complete Atrioventricular Canal Defect Repair,1024.0,21
Ear,122,Nose & Throat Cochlea operations,358400.0,24
Ear,125,Nose & Throat Facial nerve decompression,358400.0,25
Ear,128,Nose & Throat Laryngectomy with radical neck dissection,336000.0,25
Ear,127,Nose & Throat Laryngectomy (Total),280000.0,25
Ear,123,Nose & Throat Excision and reconstruction of head and neck tumours,257600.0,25
Ear,121,Nose & Throat Block dissection of the neck,224000.0,24
Ear,129,Nose & Throat Middle ear tumour excision,224000.0,25
Ear,126,Nose & Throat Laryngectomy (Partial),201600.0,25
Ear,124,Nose & Throat Excision of pharyngeal diverticulum,168000.0,25
Ear,130,Nose & Throat Total/ Radical parotidectomy,168000.0,25
Ear,151,Nose & Throat Radical mastoidectomy,145600.0,26
Ear,147,Nose & Throat Maxillectomy,134400.0,26
Ear,142,Nose & Throat Functional endoscopic sinus surgery (FESS),123200.0,25
Ear,144,Nose & Throat Intranasal ethmoidectomy,112000.0,26
Ear,164,Nose & Throat Vocal Cord lateralisation,112000.0,26
Ear,158,Nose & Throat T.I.T. and Intranasal Antrostomy,100800.0,26
Ear,159,Nose & Throat T.I.T. and Turbinoplasty,100800.0,26
Ear,138,Nose & Throat Cricotracheal reconstruction,89600.0,25
Ear,140,Nose & Throat Excision of submandibular gland,89600.0,25
Ear,143,Nose & Throat Hemiglossectomy,89600.0,25
Ear,145,Nose & Throat Laryngocele excision,89600.0,26
Ear,152,"Nose & Throat Rhinoplasty: Soft and bony tissue (Tumours, congenital, trauma)",89600.0,26
Ear,153,"Nose & Throat Rhinoplasty: Soft tissue (Tumors, congenital, trauma)",89600.0,26
Ear,157,Nose & Throat Superficial Parotidectomy,89600.0,26
Ear,161,Nose & Throat Transplatatal excision of Choanal atresia,89600.0,26
Ear,141,Nose & Throat Frontal mucocele,78400.0,25
Ear,162,Nose & Throat Tympanoplasty,78400.0,26
Ear,163,Nose & Throat Uvulopalatopharyngoplasty,78400.0,26
Ear,137,Nose & Throat Adenotonsillectomy (Ts 7 As),77840.0,25
Ear,136,Nose & Throat Adenoidectomy,72240.0,25
Ear,133,Nose & Throat Maxillary Artery Ligation,67200.0,25
Ear,146,"Nose & Throat Lateral Rhinotomy (due to tumour, scars or congenital)",67200.0,26
Ear,148,Nose & Throat Myringoplasty,67200.0,26
Ear,150,Nose & Throat Nasal polypectomy,67200.0,26
Ear,135,Nose & Throat Removal of FB in ear or nose (paediatrics under GA),61600.0,25
Ear,160,Nose & Throat Tonsillectomy,56000.0,26
Ear,139,Nose & Throat Direct laryngoscopy and biopsy,50400.0,25
Ear,149,Nose & Throat Myringotomy,44800.0,26
Ear,154,"Nose & Throat Septoplasty (Tumors, congenital, trauma)",44800.0,26
Ear,155,Nose & Throat Simple mastoidectomy,44800.0,26
Ear,156,Nose & Throat Submucous resection of nasal septum,44800.0,26
Ear,134,Nose & Throat MUA # nose,33600.0,25
Ear,131,"Nose & Throat EUA and biopsy of nasopharynx, ears, nose",28000.0,25
Ear,132,Nose & Throat Frontal sinus trephination,22400.0,25
Ear nose & throat,122,Cochlea operations,358400.0,24
Ear nose & throat,125,Facial nerve decompression,358400.0,25
Ear nose & throat,128,Laryngectomy with radical neck dissection,336000.0,25
Ear nose & throat,127,Laryngectomy (Total),280000.0,25
Ear nose & throat,123,Excision and reconstruction of head and neck tumours,257600.0,25
Ear nose & throat,121,Block dissection of the neck,224000.0,24
Ear nose & throat,129,Middle ear tumour excision,224000.0,25
Ear nose & throat,126,Laryngectomy (Partial),201600.0,25
Ear nose & throat,124,Excision of pharyngeal diverticulum,168000.0,25
Ear nose & throat,130,Total/ Radical parotidectomy,168000.0,25
Ear nose & throat,151,Radical mastoidectomy,145600.0,26
Ear nose & throat,147,Maxillectomy,134400.0,26
Ear nose & throat,142,Functional endoscopic sinus surgery (FESS),123200.0,25
Ear nose & throat,144,Intranasal ethmoidectomy,112000.0,26
Ear nose & throat,164,Vocal Cord lateralisation,112000.0,26
Ear nose & throat,158,T.I.T. and Intranasal Antrostomy,100800.0,26
Ear nose & throat,159,T.I.T. and Turbinoplasty,100800.0,26
Ear nose & throat,138,Cricotracheal reconstruction,89600.0,25
Ear nose & throat,140,Excision of submandibular gland,89600.0,25
Ear nose & throat,143,Hemiglossectomy,89600.0,25
Ear nose & throat,145,Laryngocele excision,89600.0,26
Ear nose & throat,152,"Rhinoplasty: Soft and bony tissue (Tumours, congenital, trauma)",89600.0,26
Ear nose & throat,153,"Rhinoplasty: Soft tissue (Tumors, congenital, trauma)",89600.0,26
Ear nose & throat,157,Superficial Parotidectomy,89600.0,26
Ear nose & throat,161,Transplatatal excision of Choanal atresia,89600.0,26
Ear nose & throat,141,Frontal mucocele,78400.0,25
Ear nose & throat,162,Tympanoplasty,78400.0,26
Ear nose & throat,163,Uvulopalatopharyngoplasty,78400.0,26
Ear nose & throat,137,Adenotonsillectomy (Ts 7 As),77840.0,25
Ear nose & throat,136,Adenoidectomy,72240.0,25
Ear nose & throat,133,Maxillary Artery Ligation,67200.0,25
Ear nose & throat,146,"Lateral Rhinotomy (due to tumour, scars or congenital)",67200.0,26
Ear nose & throat,148,Myringoplasty,67200.0,26
Ear nose & throat,150,Nasal polypectomy,67200.0,26
Ear nose & throat,135,Removal of FB in ear or nose (paediatrics under GA),61600.0,25
Ear nose & throat,160,Tonsillectomy,56000.0,26
Ear nose & throat,139,Direct laryngoscopy and biopsy,50400.0,25
Ear nose & throat,149,Myringotomy,44800.0,26
Ear nose & throat,154,"Septoplasty (Tumors, congenital, trauma)",44800.0,26
Ear nose & throat,155,Simple mastoidectomy,44800.0,26
Ear nose & throat,156,Submucous resection of nasal septum,44800.0,26
Ear nose & throat,134,MUA # nose,33600.0,25
Ear nose & throat,131,"EUA and biopsy of nasopharynx, ears, nose",28000.0,25
Ear nose & throat,132,Frontal sinus trephination,22400.0,25
General Surgery,226,Total Oesophagectomy,504000.0,29
General Surgery,226,Total Oesophagectomy,504000.0,29
General Surgery,193,Laparoscopic Niessens fundoplication,212800.0,28
General Surgery,193,Laparoscopic Niessens fundoplication,212800.0,28
General Surgery,211,Repair of hiatus hernia,168000.0,29
General Surgery,211,Repair of hiatus hernia,168000.0,29
General Surgery,229,Unilateral Adrenalectomy,168000.0,30
General Surgery,229,Unilateral Adrenalectomy,168000.0,30
General Surgery,165,Abdominoperineal resection (APR-tumor),134400.0,27
General Surgery,180,Excision of Liver hydatid cyst,134400.0,27
General Surgery,184,gastrojejunostomy,134400.0,27
General Surgery,165,Abdominoperineal resection (APR-tumor),134400.0,27
General Surgery,180,Excision of Liver hydatid cyst,134400.0,27
General Surgery,184,gastrojejunostomy,134400.0,27
General Surgery,186,Hemicolectomy,134400.0,28
General Surgery,192,Intestinal resection + anastomosis,134400.0,28
General Surgery,194,Laparotomy for Pyloric stenosis,134400.0,28
General Surgery,186,Hemicolectomy,134400.0,28
General Surgery,192,Intestinal resection + anastomosis,134400.0,28
General Surgery,194,Laparotomy for Pyloric stenosis,134400.0,28
General Surgery,207,Radical Mastectomy (To include lymph nodes clearance),134400.0,29
General Surgery,213,Repair of perforated duodenal ulcer,134400.0,29
General Surgery,219,Splenectomy,134400.0,29
General Surgery,221,Subdural haematoma Evacuation,134400.0,29
General Surgery,224,Thyroidectomy,134400.0,29
General Surgery,225,Total Gastrectomy,134400.0,29
General Surgery,207,Radical Mastectomy (To include lymph nodes clearance),134400.0,29
General Surgery,213,Repair of perforated duodenal ulcer,134400.0,29
General Surgery,219,Splenectomy,134400.0,29
General Surgery,221,Subdural haematoma Evacuation,134400.0,29
General Surgery,224,Thyroidectomy,134400.0,29
General Surgery,225,Total Gastrectomy,134400.0,29
General Surgery,228,Transverse Colectomy,134400.0,30
General Surgery,228,Transverse Colectomy,134400.0,30
General Surgery,166,Anterior Resection of Rectum,123200.0,27
General Surgery,166,Anterior Resection of Rectum,123200.0,27
General Surgery,205,Partial Gastrectomy,123200.0,28
General Surgery,205,Partial Gastrectomy,123200.0,28
General Surgery,172,Bowel resection and anastomosis,112000.0,27
General Surgery,182,Exploration of retroperitoneal mass,112000.0,27
General Surgery,172,Bowel resection and anastomosis,112000.0,27
General Surgery,182,Exploration of retroperitoneal mass,112000.0,27
General Surgery,175,Cholecystectomy,89600.0,27
General Surgery,176,Closure of Colostomy,89600.0,27
General Surgery,177,Colostomy,89600.0,27
General Surgery,181,Excision of Thyroglossal cyst,89600.0,27
General Surgery,175,Cholecystectomy,89600.0,27
General Surgery,176,Closure of Colostomy,89600.0,27
General Surgery,177,Colostomy,89600.0,27
General Surgery,181,Excision of Thyroglossal cyst,89600.0,27
General Surgery,215,Repair of strangulated hernias,89600.0,29
General Surgery,217,Simple Mastectomy,89600.0,29
General Surgery,215,Repair of strangulated hernias,89600.0,29
General Surgery,217,Simple Mastectomy,89600.0,29
General Surgery,212,Repair of incisional hernia (with mesh),78400.0,29
General Surgery,214,Repair of previous incision in abdominal wall,78400.0,29
General Surgery,220,Stripping of bilateral varicose veins,78400.0,29
General Surgery,212,Repair of incisional hernia (with mesh),78400.0,29
General Surgery,214,Repair of previous incision in abdominal wall,78400.0,29
General Surgery,220,Stripping of bilateral varicose veins,78400.0,29
General Surgery,167,Appendicectomy,67200.0,27
General Surgery,183,Exploratory Laparotomy,67200.0,27
General Surgery,167,Appendicectomy,67200.0,27
General Surgery,183,Exploratory Laparotomy,67200.0,27
General Surgery,168,Bilateral Herniotomy,56000.0,27
General Surgery,169,Bilateral Herniotomy + orchidopexy,56000.0,27
General Surgery,170,Bilateral inguinal herniorrapphy,56000.0,27
General Surgery,171,Bilateral Orchidopexy,56000.0,27
General Surgery,168,Bilateral Herniotomy,56000.0,27
General Surgery,169,Bilateral Herniotomy + orchidopexy,56000.0,27
General Surgery,170,Bilateral inguinal herniorrapphy,56000.0,27
General Surgery,171,Bilateral Orchidopexy,56000.0,27
General Surgery,206,Primary repair of incisional hernia laparoscopic,56000.0,28
General Surgery,206,Primary repair of incisional hernia laparoscopic,56000.0,28
General Surgery,210,Repair of epigastric hernia,56000.0,29
General Surgery,210,Repair of epigastric hernia,56000.0,29
General Surgery,230,Unilateral femoral herniorrhaphy,56000.0,30
General Surgery,231,Unilateral gynaecomastia correction,56000.0,30
General Surgery,232,Unilateral Herniotomy,56000.0,30
General Surgery,233,Unilateral Herniotomy + orchidopexy,56000.0,30
General Surgery,234,Unilateral Orchidopexy,56000.0,30
General Surgery,235,Unilateral sympathectomy,56000.0,30
General Surgery,236,Vagotomy + drainage,56000.0,30
General Surgery,230,Unilateral femoral herniorrhaphy,56000.0,30
General Surgery,231,Unilateral gynaecomastia correction,56000.0,30
General Surgery,232,Unilateral Herniotomy,56000.0,30
General Surgery,233,Unilateral Herniotomy + orchidopexy,56000.0,30
General Surgery,234,Unilateral Orchidopexy,56000.0,30
General Surgery,235,Unilateral sympathectomy,56000.0,30
General Surgery,236,Vagotomy + drainage,56000.0,30
General Surgery,185,Haemorrhoidectomy,44800.0,27
General Surgery,185,Haemorrhoidectomy,44800.0,27
General Surgery,195,Lateral Sphincterotomy,44800.0,28
General Surgery,200,Nerve release and decompression,44800.0,28
General Surgery,202,Orchidectomy,44800.0,28
General Surgery,195,Lateral Sphincterotomy,44800.0,28
General Surgery,200,Nerve release and decompression,44800.0,28
General Surgery,202,Orchidectomy,44800.0,28
General Surgery,209,Repair of burst abdomen,44800.0,29
General Surgery,216,Repair of umbilical hernia (with mesh),44800.0,29
General Surgery,209,Repair of burst abdomen,44800.0,29
General Surgery,216,Repair of umbilical hernia (with mesh),44800.0,29
General Surgery,227,Tracheostomy,44800.0,30
General Surgery,227,Tracheostomy,44800.0,30
General Surgery,222,"Surgical Debridement/Escharectomy: (Minor, Medium & Major), traumatic,
pressure sores, diabetic and burns (Under GA)",33600.0,29
General Surgery,173,Breast Lumpectomy under GA,22400.0,27
General Surgery,173,Breast Lumpectomy under GA,22400.0,27
General Surgery,203,Paediatric (below 6 years) Circumcision only under GA (phymosis),22400.0,28
General Surgery,203,Paediatric (below 6 years) Circumcision only under GA (phymosis),22400.0,28
General Surgery,199,Needle biopsy: liver,16800.0,28
General Surgery,199,Needle biopsy: liver,16800.0,28
General Surgery,187,Incision & Drainage (Peri anal Abscess),14000.0,28
General Surgery,187,Incision & Drainage (Peri anal Abscess),14000.0,28
General Surgery,174,Cervical lymph node biopsy,11200.0,27
General Surgery,179,Drainage of Breast abscess (only under GA),11200.0,27
General Surgery,174,Cervical lymph node biopsy,11200.0,27
General Surgery,179,Drainage of Breast abscess (only under GA),11200.0,27
General Surgery,188,Incision & Drainage Under GA,11200.0,28
General Surgery,189,Incision +drainage head and neck abscess (I&D) under GA,11200.0,28
General Surgery,197,Lymph node biopsy,11200.0,28
General Surgery,198,Minor Surgical Toilet Under GA,11200.0,28
General Surgery,188,Incision & Drainage Under GA,11200.0,28
General Surgery,189,Incision +drainage head and neck abscess (I&D) under GA,11200.0,28
General Surgery,197,Lymph node biopsy,11200.0,28
General Surgery,198,Minor Surgical Toilet Under GA,11200.0,28
General Surgery,208,Repair minor scalp wounds/lacerations under GA,11200.0,29
General Surgery,223,Surgical toilet under GA,11200.0,29
General Surgery,208,Repair minor scalp wounds/lacerations under GA,11200.0,29
General Surgery,223,Surgical toilet under GA,11200.0,29
General Surgery,178,diathermy excision of warts or subcutaneous tissue,8960.0,27
General Surgery,178,diathermy excision of warts or subcutaneous tissue,8960.0,27
General Surgery,191,Insertion of chest tube / chest aspiration,8960.0,28
General Surgery,201,Oesophagoscopy and removal of FB,8960.0,28
General Surgery,191,Insertion of chest tube / chest aspiration,8960.0,28
General Surgery,201,Oesophagoscopy and removal of FB,8960.0,28
General Surgery,218,Skin biopsy,8960.0,29
General Surgery,218,Skin biopsy,8960.0,29
General Surgery,190,Incision and drainage of ocular abscess or cyst (I&D),5600.0,28
General Surgery,196,Lumbar puncture,5600.0,28
General Surgery,204,Paracentesis,5600.0,28
General Surgery,190,Incision and drainage of ocular abscess or cyst (I&D),5600.0,28
General Surgery,196,Lumbar puncture,5600.0,28
General Surgery,204,Paracentesis,5600.0,28
Interventional,259,Radiology Neuro-embolization,392000.0,31
Interventional,247,Radiology Embolization/Carotid/Renal/Hepatic (no micro catheter),280000.0,31
Interventional,249,Radiology,246400.0,31
Interventional,245,Radiology Embolization/Carotid/Renal/Hepatic (no coils),224000.0,30
Interventional,262,Radiology PTC/Biliary drainage and stenting (stent available),190400.0,31
Interventional,246,Radiology,168000.0,30
Interventional,238,Radiology Balloon Angioplasty,145600.0,30
Interventional,240,Radiology Biliary stenting,112000.0,30
Interventional,260,Radiology PTC/Biliary drainage,89600.0,31
Interventional,239,Radiology Bilateral nephrostomy tube insertion,72800.0,30
Interventional,237,Radiology,61600.0,30
Interventional,248,Radiology Fallopian tube Catheterization,61600.0,31
Interventional,257,Radiology Lower limb/ upper limb arteriogram bilateral,58800.0,31
Interventional,243,Radiology DJ stenting bilateral,56000.0,30
Interventional,244,Radiology DJ stenting unilateral,56000.0,30
Interventional,261,Radiology PTC/Biliary drainage (tubes not available),56000.0,31
Interventional,258,Radiology Lower limb/ upper limb arteriogram unilateral,54880.0,31
Interventional,256,Radiology Internalization of biliary tube,50400.0,31
Interventional,268,Radiology Unilateral nephrostomy tube insertion,47040.0,32
Interventional,265,Radiology Ultrasound guided bilateral pleural effusion drainage,44800.0,31
Interventional,253,Radiology Image guided dialysis catheter insertion,36176.0,31
Interventional,255,Radiology Image guided PICC line insertion,31024.0,31
Interventional,241,Radiology CT guided bone biopsy,22400.0,30
Interventional,242,Radiology CT guided lung biopsy,22400.0,30
Interventional,263,Radiology Ultrasound guided abdominal and peripheral biopsies,22400.0,31
Interventional,264,Radiology Ultrasound guided ascites drainage/abscess drainage,22400.0,31
Interventional,267,Radiology Ultrasound guided unilateral pleural effusion drainage,22400.0,32
Interventional,251,Radiology Image guided chemo port insertion (paediatric),20000.0,31
Interventional,266,Radiology Ultrasound guided breast/prostate biopsies,16800.0,31
Interventional,252,Radiology Image guided CVC insertion,15568.0,31
Interventional,250,Radiology Image guided chemo port insertion (adult),15000.0,31
Interventional,254,Radiology Image guided gastrotomy tube/nasojejunal tube insertion (without tube),11200.0,31
Interventional radiology,259,Neuro-embolization,392000.0,31
Interventional radiology,247,Embolization/Carotid/Renal/Hepatic (no micro catheter),280000.0,31
Interventional radiology,249,"Flush Aortogram/Renal Artery/Hepatic (with embolization material and
microcatheter",246400.0,31
Interventional radiology,245,Embolization/Carotid/Renal/Hepatic (no coils),224000.0,30
Interventional radiology,262,PTC/Biliary drainage and stenting (stent available),190400.0,31
Interventional radiology,246,"Embolization/Carotid/Renal/Hepatic (no coils, embolization material and
microcatheter)",168000.0,30
Interventional radiology,238,Balloon Angioplasty,145600.0,30
Interventional radiology,240,Biliary stenting,112000.0,30
Interventional radiology,260,PTC/Biliary drainage,89600.0,31
Interventional radiology,239,Bilateral nephrostomy tube insertion,72800.0,30
Interventional radiology,237,"4-vessel cereral Angiography / Carotid Angiography (unilateral or bilateral)
vertebral angiogram",61600.0,30
Interventional radiology,248,Fallopian tube Catheterization,61600.0,31
Interventional radiology,257,Lower limb/ upper limb arteriogram bilateral,58800.0,31
Interventional radiology,243,DJ stenting bilateral,56000.0,30
Interventional radiology,244,DJ stenting unilateral,56000.0,30
Interventional radiology,261,PTC/Biliary drainage (tubes not available),56000.0,31
Interventional radiology,258,Lower limb/ upper limb arteriogram unilateral,54880.0,31
Interventional radiology,256,Internalization of biliary tube,50400.0,31
Interventional radiology,268,Unilateral nephrostomy tube insertion,47040.0,32
Interventional radiology,265,Ultrasound guided bilateral pleural effusion drainage,44800.0,31
Interventional radiology,253,Image guided dialysis catheter insertion,36176.0,31
Interventional radiology,255,Image guided PICC line insertion,31024.0,31
Interventional radiology,241,CT guided bone biopsy,22400.0,30
Interventional radiology,242,CT guided lung biopsy,22400.0,30
Interventional radiology,263,Ultrasound guided abdominal and peripheral biopsies,22400.0,31
Interventional radiology,264,Ultrasound guided ascites drainage/abscess drainage,22400.0,31
Interventional radiology,267,Ultrasound guided unilateral pleural effusion drainage,22400.0,32
Interventional radiology,251,Image guided chemo port insertion (paediatric),20000.0,31
Interventional radiology,266,Ultrasound guided breast/prostate biopsies,16800.0,31
Interventional radiology,252,Image guided CVC insertion,15568.0,31
Interventional radiology,250,Image guided chemo port insertion (adult),15000.0,31
Interventional radiology,254,Image guided gastrotomy tube/nasojejunal tube insertion (without tube),11200.0,31
Maxillofacial,269,Bilateral Open Joint Arthroplasty with condylar add-on,392000.0,32
Maxillofacial,269,Bilateral Open Joint Arthroplasty with condylar add-on,392000.0,32
Maxillofacial,310,Panfacial fractures,392000.0,34
Maxillofacial,323,Secondary Craniofacial Reconstruction,392000.0,34
Maxillofacial,310,Panfacial fractures,392000.0,34
Maxillofacial,323,Secondary Craniofacial Reconstruction,392000.0,34
Maxillofacial,320,RMND+ Mandibulectomy/Maxillectomy with Microvascular Free Flap,358400.0,34
Maxillofacial,320,RMND+ Mandibulectomy/Maxillectomy with Microvascular Free Flap,358400.0,34
Maxillofacial,270,Bilateral Open Joint Arthroplasty with costochondral graft+/-Temporalis fascia,336000.0,32
Maxillofacial,278,Complex Salivary gland Sialedenectomy/Tumours excision+/-RMND,336000.0,32
Maxillofacial,270,Bilateral Open Joint Arthroplasty with costochondral graft+/-Temporalis fascia,336000.0,32
Maxillofacial,278,Complex Salivary gland Sialedenectomy/Tumours excision+/-RMND,336000.0,32
Maxillofacial,299,Fractures of Upper face and cranioplasty,336000.0,33
Maxillofacial,299,Fractures of Upper face and cranioplasty,336000.0,33
Maxillofacial,301,Functional Orthognathic surgeries of the Maxilla/Mandible,308000.0,33
Maxillofacial,301,Functional Orthognathic surgeries of the Maxilla/Mandible,308000.0,33
Maxillofacial,289,Excision Of Oral / Facial Odontogenic tumors,280000.0,33
Maxillofacial,293,Excisionof Oral/ Facial BCC + Local Flap Reconstruction,280000.0,33
Maxillofacial,289,Excision Of Oral / Facial Odontogenic tumors,280000.0,33
Maxillofacial,293,Excisionof Oral/ Facial BCC + Local Flap Reconstruction,280000.0,33
Maxillofacial,317,Revision Palatoplasty- MicroVascular and Donor site graft,280000.0,34
Maxillofacial,321,"RMND+Pedicled Flap Mandibulectomy/Maxillectomy
+/- Implant",280000.0,34
Maxillofacial,317,Revision Palatoplasty- MicroVascular and Donor site graft,280000.0,34
Maxillofacial,305,Mandibulectomy plus Reconstruction/Plating,224000.0,33
Maxillofacial,306,Mandibulectomy/Maxillectomy plus Microvascular Bone graft,224000.0,33
Maxillofacial,305,Mandibulectomy plus Reconstruction/Plating,224000.0,33
Maxillofacial,306,Mandibulectomy/Maxillectomy plus Microvascular Bone graft,224000.0,33
Maxillofacial,287,Excision of Complex facial Hemangioma/Lymphangioma,201600.0,33
Maxillofacial,297,Exploration/Graft orbital fracture,201600.0,33
Maxillofacial,287,Excision of Complex facial Hemangioma/Lymphangioma,201600.0,33
Maxillofacial,297,Exploration/Graft orbital fracture,201600.0,33
Maxillofacial,319,Revision Vestibulopalsty + Skin graft,201600.0,34
Maxillofacial,319,Revision Vestibulopalsty + Skin graft,201600.0,34
Maxillofacial,307,Maxillectomy + Obturator,179200.0,33
Maxillofacial,307,Maxillectomy + Obturator,179200.0,33
Maxillofacial,274,Closure Cleft Oronasal Fistula + Bone graft,168000.0,32
Maxillofacial,277,Complex nerve exploration+microsurgical repair,168000.0,32
Maxillofacial,281,Costocondral graft to Mandible post Tumour resection and implant,168000.0,32
Maxillofacial,274,Closure Cleft Oronasal Fistula + Bone graft,168000.0,32
Maxillofacial,277,Complex nerve exploration+microsurgical repair,168000.0,32
Maxillofacial,281,Costocondral graft to Mandible post Tumour resection and implant,168000.0,32
Maxillofacial,304,Mandibular/Maxillary Autogenous bone graft,168000.0,33
Maxillofacial,304,Mandibular/Maxillary Autogenous bone graft,168000.0,33
Maxillofacial,311,Post condylar cartilage Bilateral graft,168000.0,34
Maxillofacial,324,Segmental Osteotomy Mandible/Maxilla,168000.0,34
Maxillofacial,311,Post condylar cartilage Bilateral graft,168000.0,34
Maxillofacial,324,Segmental Osteotomy Mandible/Maxilla,168000.0,34
Maxillofacial,283,Elevation # Zygoma: ORIF,145600.0,32
Maxillofacial,283,Elevation # Zygoma: ORIF,145600.0,32
Maxillofacial,295,Exploration/ removal Cranio- Facial Foreign bodies,145600.0,33
Maxillofacial,303,Mandibular fractures (ORIF),145600.0,33
Maxillofacial,295,Exploration/ removal Cranio- Facial Foreign bodies,145600.0,33
Maxillofacial,303,Mandibular fractures (ORIF),145600.0,33
Maxillofacial,308,Mid face fractures,145600.0,34
Maxillofacial,313,Reduction of Alveolar fracture Open,145600.0,34
Maxillofacial,318,Revision Palatoplasty-Rotational Flap,145600.0,34
Maxillofacial,308,Mid face fractures,145600.0,34
Maxillofacial,313,Reduction of Alveolar fracture Open,145600.0,34
Maxillofacial,318,Revision Palatoplasty-Rotational Flap,145600.0,34
Maxillofacial,332,Torticollis / Fibromatosis Colli Correction,145600.0,35
Maxillofacial,332,Torticollis / Fibromatosis Colli Correction,145600.0,35
Maxillofacial,272,Closed reduction # Mandible/ Maxilla/MMF,134400.0,32
Maxillofacial,272,Closed reduction # Mandible/ Maxilla/MMF,134400.0,32
Maxillofacial,275,Closure Cleft Oronasal Fistula with no Bone graft,112000.0,32
Maxillofacial,279,ComplexFacial STR+Viin/Parotid Duct Repair,112000.0,32
Maxillofacial,275,Closure Cleft Oronasal Fistula with no Bone graft,112000.0,32
Maxillofacial,279,ComplexFacial STR+Viin/Parotid Duct Repair,112000.0,32
Maxillofacial,294,Exploration of Submandibular/ Parotid Gland duct w/ stent,112000.0,33
Maxillofacial,302,Lip shave and mucosal advancement flap,112000.0,33
Maxillofacial,294,Exploration of Submandibular/ Parotid Gland duct w/ stent,112000.0,33
Maxillofacial,302,Lip shave and mucosal advancement flap,112000.0,33
Maxillofacial,309,Oral/ facial/ Catilage Onlay graft,112000.0,34
Maxillofacial,326,Simple Nerve exploration + repair,112000.0,34
Maxillofacial,309,Oral/ facial/ Catilage Onlay graft,112000.0,34
Maxillofacial,326,Simple Nerve exploration + repair,112000.0,34
Maxillofacial,330,Temporalis/ Masseter Myotomy,112000.0,35
Maxillofacial,330,Temporalis/ Masseter Myotomy,112000.0,35
Maxillofacial,327,Simple Salivary Gland Sialedonectomy /Sialolithectomy,100800.0,34
Maxillofacial,327,Simple Salivary Gland Sialedonectomy /Sialolithectomy,100800.0,34
Maxillofacial,280,Coronoidectomy,89600.0,32
Maxillofacial,280,Coronoidectomy,89600.0,32
Maxillofacial,291,Excision of Simple facial Hemangioma/Lymphangioma,89600.0,33
Maxillofacial,300,Full thickness skin graft to oral defect-,89600.0,33
Maxillofacial,291,Excision of Simple facial Hemangioma/Lymphangioma,89600.0,33
Maxillofacial,300,Full thickness skin graft to oral defect-,89600.0,33
Maxillofacial,314,Removal of Bone plates,89600.0,34
Maxillofacial,315,Removal of branchial cyst/sinus/Ranula,89600.0,34
Maxillofacial,316,Revision Cleft Lip/ Nose,89600.0,34
Maxillofacial,314,Removal of Bone plates,89600.0,34
Maxillofacial,315,Removal of branchial cyst/sinus/Ranula,89600.0,34
Maxillofacial,316,Revision Cleft Lip/ Nose,89600.0,34
Maxillofacial,322,Salivary Duct Redirection (Wilkie procedure),89600.0,34
Maxillofacial,328,Simple Vestibulopalsty + Skin graft,89600.0,35
Maxillofacial,329,Superficial Parotidectomy,89600.0,35
Maxillofacial,328,Simple Vestibulopalsty + Skin graft,89600.0,35
Maxillofacial,329,Superficial Parotidectomy,89600.0,35
Maxillofacial,290,Excision of Scalp lesion +/- Wolfe graft,78400.0,33
Maxillofacial,290,Excision of Scalp lesion +/- Wolfe graft,78400.0,33
Maxillofacial,285,Enucleation Mandibular/ Maxillary cyst,67200.0,32
Maxillofacial,285,Enucleation Mandibular/ Maxillary cyst,67200.0,32
Maxillofacial,325,Sequestrectomy/ Decortication Mandible Maxilla,67200.0,34
Maxillofacial,325,Sequestrectomy/ Decortication Mandible Maxilla,67200.0,34
Maxillofacial,273,Closed Rhinoplasty,56000.0,32
Maxillofacial,284,Elevation #Zygoma: Closed,56000.0,32
Maxillofacial,273,Closed Rhinoplasty,56000.0,32
Maxillofacial,284,Elevation #Zygoma: Closed,56000.0,32
Maxillofacial,271,Cheiloplasty without Flap closure,44800.0,32
Maxillofacial,276,Closure Oro- Antral fistula without flap,44800.0,32
Maxillofacial,282,"Debridement of Necrotising Orofacial infections per
theatre encounter",44800.0,32
Maxillofacial,271,Cheiloplasty without Flap closure,44800.0,32
Maxillofacial,276,Closure Oro- Antral fistula without flap,44800.0,32
Maxillofacial,292,Excision/ Revision Facial scar,44800.0,33
Maxillofacial,298,Facial Soft tissue Repair,44800.0,33
Maxillofacial,292,Excision/ Revision Facial scar,44800.0,33
Maxillofacial,298,Facial Soft tissue Repair,44800.0,33
Maxillofacial,331,TMJ Arthroscopy,44800.0,35
Maxillofacial,331,TMJ Arthroscopy,44800.0,35
Maxillofacial,288,Excision of Head / Neck lipoma >8cm,33600.0,33
Maxillofacial,296,Exploration/ removal Cranio- Facial Foreign bodies (minor),33600.0,33
Maxillofacial,288,Excision of Head / Neck lipoma >8cm,33600.0,33
Maxillofacial,296,Exploration/ removal Cranio- Facial Foreign bodies (minor),33600.0,33
Maxillofacial,312,Reduction of Alveolar fracture closed,33600.0,34
Maxillofacial,312,Reduction of Alveolar fracture closed,33600.0,34
Maxillofacial,286,EUA Diagnostic for Oro-facial / Biopsy,28000.0,32
Maxillofacial,286,EUA Diagnostic for Oro-facial / Biopsy,28000.0,32
Neurology,339,Craniotomy for Aneurysm,504000.0,35
Neurology,342,Craniotomy for Brain Tumour,504000.0,35
Neurology,339,Craniotomy for Aneurysm,504000.0,35
Neurology,342,Craniotomy for Brain Tumour,504000.0,35
Neurology,352,Posterior fossa surgery,504000.0,36
Neurology,352,Posterior fossa surgery,504000.0,36
Neurology,334,Anterior cervical fusion - AO plating/POSTERIOR DECOMPRESSION,448000.0,35
Neurology,338,Clipping of cerebral artery,448000.0,35
Neurology,334,Anterior cervical fusion - AO plating/POSTERIOR DECOMPRESSION,448000.0,35
Neurology,338,Clipping of cerebral artery,448000.0,35
Neurology,340,Craniotomy for AV malformation,336000.0,35
Neurology,341,Craniotomy for Intracelebral haematoma,336000.0,35
Neurology,340,Craniotomy for AV malformation,336000.0,35
Neurology,341,Craniotomy for Intracelebral haematoma,336000.0,35
Neurology,356,Spinal fusions with implants III level,313600.0,36
Neurology,357,Spinal fusions with implants IV level,313600.0,36
Neurology,356,Spinal fusions with implants III level,313600.0,36
Neurology,357,Spinal fusions with implants IV level,313600.0,36
Neurology,346,Excision of intracranial nerve lesions,280000.0,35
Neurology,347,Excision of spinal tumours,280000.0,35
Neurology,346,Excision of intracranial nerve lesions,280000.0,35
Neurology,347,Excision of spinal tumours,280000.0,35
Neurology,355,Spinal fusions with implants II level,280000.0,36
Neurology,355,Spinal fusions with implants II level,280000.0,36
Neurology,336,Brain abscess,268800.0,35
Neurology,336,Brain abscess,268800.0,35
Neurology,333,Acrylic Cranioplasty,224000.0,35
Neurology,333,Acrylic Cranioplasty,224000.0,35
Neurology,353,Repair of Dura for non-trauma/non cancer related,224000.0,36
Neurology,353,Repair of Dura for non-trauma/non cancer related,224000.0,36
Neurology,360,Ventriculoperitoneal (VP) shunting,210000.0,36
Neurology,360,Ventriculoperitoneal (VP) shunting,210000.0,36
Neurology,344,Endoscopic Third Ventriculostomy w Choroid Plexux Cauterization (ETV/CPC),208000.0,35
Neurology,344,Endoscopic Third Ventriculostomy w Choroid Plexux Cauterization (ETV/CPC),208000.0,35
Neurology,343,Elevation of depressed skull fracture,168000.0,35
Neurology,343,Elevation of depressed skull fracture,168000.0,35
Neurology,354,Spina Bifida Surgery/encephalocoele,168000.0,36
Neurology,354,Spina Bifida Surgery/encephalocoele,168000.0,36
Neurology,349,Laminectomy for cervical / thoracic / or lumbar spine,145600.0,36
Neurology,350,Microdiscectomy,145600.0,36
Neurology,351,Microsurgical nerve graft / Nerve repair / exploration/microsurgical anastomosis,145600.0,36
Neurology,349,Laminectomy for cervical / thoracic / or lumbar spine,145600.0,36
Neurology,350,Microdiscectomy,145600.0,36
Neurology,351,Microsurgical nerve graft / Nerve repair / exploration/microsurgical anastomosis,145600.0,36
Neurology,345,EVD Insertion/ICP Monitoring,112000.0,35
Neurology,348,Extradural haematoma,112000.0,35
Neurology,337,Brain Biopsy procedure,112000.0,35
Neurology,345,EVD Insertion/ICP Monitoring,112000.0,35
Neurology,348,Extradural haematoma,112000.0,35
Neurology,361,VP shunting,100800.0,36
Neurology,361,VP shunting,100800.0,36
Neurology,358,Surgical Toilet and repair of major scalp wounds under GA,67200.0,36
Neurology,359,Surgical Toilet for scalp tumour under GA,67200.0,36
Neurology,358,Surgical Toilet and repair of major scalp wounds under GA,67200.0,36
Neurology,359,Surgical Toilet for scalp tumour under GA,67200.0,36
Neurology,335,Application of skull calipers,56000.0,35
Neurology,335,Application of skull calipers,56000.0,35
Obs,399,& Gyn Ovarian cancer resection (Pelvic clearance),246400.0,38
Obs,407,& Gyn Wertheim’s Hysterectomy (Oncology only),246400.0,38
Obs,400,& Gyn Radical Vulvectomy,168000.0,38
Obs,366,& Gyn Cornual Wedge resection for Interstitial Ectopic Pregnancy,134400.0,36
Obs,370,& Gyn Laparotomy: Endometriosis Surgery,134400.0,37
Obs,371,& Gyn Laparotomy: Exploratory / Adhesiolysis,134400.0,37
Obs,373,& Gyn Laparotomy: Metroplasty / Uteroplasty,134400.0,37
Obs,376,& Gyn Laparotomy: Pelvic Abscess,134400.0,37
Obs,377,& Gyn Laparotomy: Ruptured ectopic pregnancy,134400.0,37
Obs,378,& Gyn Laparotomy: Salpingo – oopherectomy,134400.0,37
Obs,382,& Gyn Manchester Repair,134400.0,37
Obs,392,& Gyn Operative Laparoscopy: Adhesiolysis,134400.0,38
Obs,393,& Gyn Operative Laparoscopy: Ectopic Pregnancy,134400.0,38
Obs,394,& Gyn Operative Laparoscopy: Endometriosis Surgery,134400.0,38
Obs,403,& Gyn Repair of ruptured uterus/Caesarian Hysterectomy,134400.0,38
Obs,362,& Gyn AP colpoperineorrhaphy,89600.0,36
Obs,372,& Gyn Laparotomy: Hysterectomy (Abdominal),89600.0,37
Obs,374,& Gyn Laparotomy: Myomectomy,89600.0,37
Obs,375,& Gyn Laparotomy: Ovarian cystectomy,89600.0,37
Obs,379,& Gyn Laparotomy: Tuboplasty,89600.0,37
Obs,380,& Gyn Laparotomy: Vaginal Hysterectomy,89600.0,37
Obs,395,& Gyn Operative Laparoscopy: Hysterectomy,89600.0,38
Obs,396,& Gyn Operative Laparoscopy: Myomectomy,89600.0,38
Obs,397,& Gyn Operative Laparoscopy: Ovarian Cystectomy / Drilling,89600.0,38
Obs,398,& Gyn Operative Laparoscopy: Tuboplasty,89600.0,38
Obs,402,& Gyn Repair of rectovaginal fistula,89600.0,38
Obs,404,& Gyn Repair of vesicovaginal fistula,89600.0,38
Obs,369,& Gyn Dilation and Curettage for incomplete abortion/miscarriage,66000.0,36
Obs,405,& Gyn Resuturing of burst abdomen,44800.0,38
Obs,406,& Gyn Simple Vulvectomy,44800.0,38
Obs,365,& Gyn Colposuspension + D&C,33600.0,36
Obs,388,& Gyn Operative Hysteroscopy: Endometrial Ablation,33600.0,37
Obs,391,& Gyn Operative Hysteroscopy: Synechiolysis / Septolysis,33600.0,38
Obs,385,& Gyn Obstetric Examination under GA,33000.0,37
Obs,363,& Gyn bilateral tubal ligation,28000.0,36
Obs,367,& Gyn D & C + Cone biopsy,28000.0,36
Obs,364,& Gyn Cerclage,22400.0,36
Obs,368,& Gyn Diagnostic / Dye Laparoscopy,22400.0,36
Obs,381,& Gyn LLETZ (Loop excision),22400.0,37
Obs,386,& Gyn Operative Hysteroscopy: Avulsion of Endometrial Polyps,22400.0,37
Obs,387,& Gyn Operative Hysteroscopy: Biopsy,22400.0,37
Obs,389,& Gyn Operative Hysteroscopy: Resection of Submucous Fibroid,22400.0,37
Obs,384,& Gyn Marsupialisation of Batholins Cyst / Abscess,16800.0,37
Obs,383,& Gyn Manual Vaccum Aspiriation,11200.0,37
Obs,401,& Gyn removal of retained placenta under GA,11200.0,38
Obs,390,& Gyn Operative Hysteroscopy: Retrieval of lost/ fragmented IUCD,8960.0,37
Obs & gyn,399,Ovarian cancer resection (Pelvic clearance),246400.0,38
Obs & gyn,407,Wertheim’s Hysterectomy (Oncology only),246400.0,38
Obs & gyn,400,Radical Vulvectomy,168000.0,38
Obs & gyn,366,Cornual Wedge resection for Interstitial Ectopic Pregnancy,134400.0,36
Obs & gyn,370,Laparotomy: Endometriosis Surgery,134400.0,37
Obs & gyn,371,Laparotomy: Exploratory / Adhesiolysis,134400.0,37
Obs & gyn,373,Laparotomy: Metroplasty / Uteroplasty,134400.0,37
Obs & gyn,376,Laparotomy: Pelvic Abscess,134400.0,37
Obs & gyn,377,Laparotomy: Ruptured ectopic pregnancy,134400.0,37
Obs & gyn,378,Laparotomy: Salpingo – oopherectomy,134400.0,37
Obs & gyn,382,Manchester Repair,134400.0,37
Obs & gyn,392,Operative Laparoscopy: Adhesiolysis,134400.0,38
Obs & gyn,393,Operative Laparoscopy: Ectopic Pregnancy,134400.0,38
Obs & gyn,394,Operative Laparoscopy: Endometriosis Surgery,134400.0,38
Obs & gyn,403,Repair of ruptured uterus/Caesarian Hysterectomy,134400.0,38
Obs & gyn,362,AP colpoperineorrhaphy,89600.0,36
Obs & gyn,372,Laparotomy: Hysterectomy (Abdominal),89600.0,37
Obs & gyn,374,Laparotomy: Myomectomy,89600.0,37
Obs & gyn,375,Laparotomy: Ovarian cystectomy,89600.0,37
Obs & gyn,379,Laparotomy: Tuboplasty,89600.0,37
Obs & gyn,380,Laparotomy: Vaginal Hysterectomy,89600.0,37
Obs & gyn,395,Operative Laparoscopy: Hysterectomy,89600.0,38
Obs & gyn,396,Operative Laparoscopy: Myomectomy,89600.0,38
Obs & gyn,397,Operative Laparoscopy: Ovarian Cystectomy / Drilling,89600.0,38
Obs & gyn,398,Operative Laparoscopy: Tuboplasty,89600.0,38
Obs & gyn,402,Repair of rectovaginal fistula,89600.0,38
Obs & gyn,404,Repair of vesicovaginal fistula,89600.0,38
Obs & gyn,369,Dilation and Curettage for incomplete abortion/miscarriage,66000.0,36
Obs & gyn,405,Resuturing of burst abdomen,44800.0,38
Obs & gyn,406,Simple Vulvectomy,44800.0,38
Obs & gyn,365,Colposuspension + D&C,33600.0,36
Obs & gyn,388,Operative Hysteroscopy: Endometrial Ablation,33600.0,37
Obs & gyn,391,Operative Hysteroscopy: Synechiolysis / Septolysis,33600.0,38
Obs & gyn,385,Obstetric Examination under GA,33000.0,37
Obs & gyn,363,bilateral tubal ligation,28000.0,36
Obs & gyn,367,D & C + Cone biopsy,28000.0,36
Obs & gyn,364,Cerclage,22400.0,36
Obs & gyn,368,Diagnostic / Dye Laparoscopy,22400.0,36
Obs & gyn,381,LLETZ (Loop excision),22400.0,37
Obs & gyn,386,Operative Hysteroscopy: Avulsion of Endometrial Polyps,22400.0,37
Obs & gyn,387,Operative Hysteroscopy: Biopsy,22400.0,37
Obs & gyn,389,Operative Hysteroscopy: Resection of Submucous Fibroid,22400.0,37
Obs & gyn,384,Marsupialisation of Batholins Cyst / Abscess,16800.0,37
Obs & gyn,383,Manual Vaccum Aspiriation,11200.0,37
Obs & gyn,401,removal of retained placenta under GA,11200.0,38
Obs & gyn,390,Operative Hysteroscopy: Retrieval of lost/ fragmented IUCD,8960.0,37
Ophthalmology,473,"Pre-Descemets EndothelialKeratoplasty (DALK, DSAEK, DMEK)",313600.0,41
Ophthalmology,473,"Pre-Descemets EndothelialKeratoplasty (DALK, DSAEK, DMEK)",313600.0,41
Ophthalmology,428,Corneal transplant + Cataract Extraction + Intraocular lens implant,280000.0,39
Ophthalmology,428,Corneal transplant + Cataract Extraction + Intraocular lens implant,280000.0,39
Ophthalmology,464,Penetrating Keratoplasty (PKP),257600.0,41
Ophthalmology,470,Posterior Vitrectomy + band/buckle + Cataract surgery,257600.0,41
Ophthalmology,464,Penetrating Keratoplasty (PKP),257600.0,41
Ophthalmology,470,Posterior Vitrectomy + band/buckle + Cataract surgery,257600.0,41
Ophthalmology,457,Macula Hole Surgery,224000.0,41
Ophthalmology,469,Posterior Vitrectomy + band/buckle,224000.0,41
Ophthalmology,472,Posterior Vitrectomy + Delamination + Oil,224000.0,41
Ophthalmology,457,Macula Hole Surgery,224000.0,41
Ophthalmology,469,Posterior Vitrectomy + band/buckle,224000.0,41
Ophthalmology,472,Posterior Vitrectomy + Delamination + Oil,224000.0,41
Ophthalmology,471,Posterior Vitrectomy + Cataract surgery,201600.0,41
Ophthalmology,471,Posterior Vitrectomy + Cataract surgery,201600.0,41
Ophthalmology,409,Ahmed Valve,169000.0,38
Ophthalmology,409,Ahmed Valve,169000.0,38
Ophthalmology,468,Posterior Vitrectomy,168000.0,41
Ophthalmology,468,Posterior Vitrectomy,168000.0,41
Ophthalmology,434,DCR/Fistulectomy,145600.0,40
Ophthalmology,434,DCR/Fistulectomy,145600.0,40
Ophthalmology,466,Posterior Victrectomy - Foreign Body,145600.0,41
Ophthalmology,467,Posterior Victrectomy - Sunk Nucleus,145600.0,41
Ophthalmology,466,Posterior Victrectomy - Foreign Body,145600.0,41
Ophthalmology,467,Posterior Victrectomy - Sunk Nucleus,145600.0,41
Ophthalmology,484,Squint Surgeries (all),134400.0,42
Ophthalmology,484,Squint Surgeries (all),134400.0,42
Ophthalmology,415,Anterior Vitrectomy + Lensectomy,112000.0,39
Ophthalmology,424,Conjunctival DCR plus tube,112000.0,39
Ophthalmology,429,Corneal/Scleral Perforation repair,112000.0,39
Ophthalmology,415,Anterior Vitrectomy + Lensectomy,112000.0,39
Ophthalmology,424,Conjunctival DCR plus tube,112000.0,39
Ophthalmology,429,Corneal/Scleral Perforation repair,112000.0,39
Ophthalmology,463,Orbitotomy (lateral/anterior),112000.0,41
Ophthalmology,463,Orbitotomy (lateral/anterior),112000.0,41
Ophthalmology,430,Crosslinking,111000.0,39
Ophthalmology,430,Crosslinking,111000.0,39
Ophthalmology,480,Scleral buckle + Cyrotherapy or Laser,100800.0,42
Ophthalmology,480,Scleral buckle + Cyrotherapy or Laser,100800.0,42
Ophthalmology,433,DCR revision,89600.0,40
Ophthalmology,433,DCR revision,89600.0,40
Ophthalmology,418,Blepharoplasty/Blepharotomy,84000.0,39
Ophthalmology,418,Blepharoplasty/Blepharotomy,84000.0,39
Ophthalmology,445,Intravitreal Dexamethasone implant,84000.0,40
Ophthalmology,445,Intravitreal Dexamethasone implant,84000.0,40
Ophthalmology,454,Lid tumour Excision + major reconstruction,78400.0,41
Ophthalmology,454,Lid tumour Excision + major reconstruction,78400.0,41
Ophthalmology,476,"Ptosis Surgery: Anterior levator repair/resection, frontalis sling susp",78400.0,42
Ophthalmology,487,Trabeculectomy + Phacoemulsification cataract surgery,78400.0,42
Ophthalmology,476,"Ptosis Surgery: Anterior levator repair/resection, frontalis sling susp",78400.0,42
Ophthalmology,487,Trabeculectomy + Phacoemulsification cataract surgery,78400.0,42
Ophthalmology,482,Socket reconstruction minor,61600.0,42
Ophthalmology,482,Socket reconstruction minor,61600.0,42
Ophthalmology,422,Cataract extraction with implant -Phaco ALCON,60000.0,39
Ophthalmology,423,Cataract extraction with implant-Phaco IOL,60000.0,39
Ophthalmology,422,Cataract extraction with implant -Phaco ALCON,60000.0,39
Ophthalmology,423,Cataract extraction with implant-Phaco IOL,60000.0,39
Ophthalmology,448,Lacrimal glands prolapse repair,56000.0,40
Ophthalmology,448,Lacrimal glands prolapse repair,56000.0,40
Ophthalmology,475,Ptosis repair/revision,56000.0,42
Ophthalmology,481,Scleral buckle removal,56000.0,42
Ophthalmology,490,Trabeculotomy/Goniotomy,56000.0,42
Ophthalmology,475,Ptosis repair/revision,56000.0,42
Ophthalmology,481,Scleral buckle removal,56000.0,42
Ophthalmology,490,Trabeculotomy/Goniotomy,56000.0,42
Ophthalmology,455,Lid tumour Excision biopsy,46000.0,41
Ophthalmology,456,Lid tumour Incision biopsy,46000.0,41
Ophthalmology,455,Lid tumour Excision biopsy,46000.0,41
Ophthalmology,456,Lid tumour Incision biopsy,46000.0,41
Ophthalmology,425,Conjunctival Excision + Major Reconstruction,44800.0,39
Ophthalmology,426,Conjunctival Incision biopsy (including histopathology),44800.0,39
Ophthalmology,425,Conjunctival Excision + Major Reconstruction,44800.0,39
Ophthalmology,426,Conjunctival Incision biopsy (including histopathology),44800.0,39
Ophthalmology,438,Evisceration + implant,44800.0,40
Ophthalmology,438,Evisceration + implant,44800.0,40
Ophthalmology,479,Retinopexy (Silicon Oil/Gas Insertion),44800.0,42
Ophthalmology,488,Trabeculectomy + Small Incision Cataract surgery,44800.0,42
Ophthalmology,479,Retinopexy (Silicon Oil/Gas Insertion),44800.0,42
Ophthalmology,488,Trabeculectomy + Small Incision Cataract surgery,44800.0,42
Ophthalmology,435,Ectropion repair minor and major,39200.0,40
Ophthalmology,436,Entropion repair minor and major,39200.0,40
Ophthalmology,437,Epiblepharon repair,39200.0,40
Ophthalmology,435,Ectropion repair minor and major,39200.0,40
Ophthalmology,436,Entropion repair minor and major,39200.0,40
Ophthalmology,437,Epiblepharon repair,39200.0,40
Ophthalmology,440,Intraocular lens exchange,33600.0,40
Ophthalmology,450,Lacrimal Probing and Syringing (pediatrics),33600.0,40
Ophthalmology,453,Lid splitting +cryotherapy,33600.0,40
Ophthalmology,440,Intraocular lens exchange,33600.0,40
Ophthalmology,450,Lacrimal Probing and Syringing (pediatrics),33600.0,40
Ophthalmology,453,Lid splitting +cryotherapy,33600.0,40
Ophthalmology,474,Pterygium excision with conjunctival autograft,33600.0,41
Ophthalmology,474,Pterygium excision with conjunctival autograft,33600.0,41
Ophthalmology,489,Trabeculectomy with Mitomycin C,33600.0,42
Ophthalmology,489,Trabeculectomy with Mitomycin C,33600.0,42
Ophthalmology,421,Cataract extraction SICS,30000.0,39
Ophthalmology,421,Cataract extraction SICS,30000.0,39
Ophthalmology,410,Amniotic Membrane grafting (Large),28000.0,38
Ophthalmology,410,Amniotic Membrane grafting (Large),28000.0,38
Ophthalmology,420,"Canthus Procedures (Cantholysis, Canthoplasty, Canthotomy)",28000.0,39
Ophthalmology,439,Flourescein Angiography,22400.0,40
Ophthalmology,447,Iridolysis,22400.0,40
Ophthalmology,439,Flourescein Angiography,22400.0,40
Ophthalmology,447,Iridolysis,22400.0,40
Ophthalmology,462,Orbital implant removal,22400.0,41
Ophthalmology,462,Orbital implant removal,22400.0,41
Ophthalmology,477,Punctoplasty/canaliculoplasty,22400.0,42
Ophthalmology,478,Pupiloplasty,22400.0,42
Ophthalmology,477,Punctoplasty/canaliculoplasty,22400.0,42
Ophthalmology,478,Pupiloplasty,22400.0,42
Ophthalmology,413,Anterior Chamber Washout,16800.0,39
Ophthalmology,417,Bleb revision,16800.0,39
Ophthalmology,431,Cyclocryotherapy,16800.0,39
Ophthalmology,432,Cyclophotocoagulation,16800.0,39
Ophthalmology,413,Anterior Chamber Washout,16800.0,39
Ophthalmology,417,Bleb revision,16800.0,39
Ophthalmology,431,Cyclocryotherapy,16800.0,39
Ophthalmology,432,Cyclophotocoagulation,16800.0,39
Ophthalmology,449,Lacrimal Probing and Syringing (adults),16800.0,40
Ophthalmology,449,Lacrimal Probing and Syringing (adults),16800.0,40
Ophthalmology,485,Surgical Peripheral Iridectomy,16800.0,42
Ophthalmology,486,Tarsorrhaphy temporary,16800.0,42
Ophthalmology,485,Surgical Peripheral Iridectomy,16800.0,42
Ophthalmology,486,Tarsorrhaphy temporary,16800.0,42
Ophthalmology,411,Anterior Chamber reformation and bandage contact lens,14560.0,38
Ophthalmology,411,Anterior Chamber reformation and bandage contact lens,14560.0,38
Ophthalmology,414,Anterior Stromal Puncture with Bandage Contact Lens,14560.0,39
Ophthalmology,414,Anterior Stromal Puncture with Bandage Contact Lens,14560.0,39
Ophthalmology,441,Intraocular lens redialing,11200.0,40
Ophthalmology,443,Intravitreal AntiFungal Injection,11200.0,40
Ophthalmology,444,Intravitreal Bevazicumab,11200.0,40
Ophthalmology,451,Laser suturelysis,11200.0,40
Ophthalmology,452,Lash electrolysis,11200.0,40
Ophthalmology,441,Intraocular lens redialing,11200.0,40
Ophthalmology,443,Intravitreal AntiFungal Injection,11200.0,40
Ophthalmology,444,Intravitreal Bevazicumab,11200.0,40
Ophthalmology,451,Laser suturelysis,11200.0,40
Ophthalmology,452,Lash electrolysis,11200.0,40
Ophthalmology,461,Ocular prosthesis,11200.0,41
Ophthalmology,461,Ocular prosthesis,11200.0,41
Ophthalmology,492,YAG Iridotomy,11200.0,42
Ophthalmology,492,YAG Iridotomy,11200.0,42
Ophthalmology,412,Anterior Chamber Tap,8960.0,39
Ophthalmology,419,Bullae Rupture with Bandage Contact Lens,8960.0,39
Ophthalmology,412,Anterior Chamber Tap,8960.0,39
Ophthalmology,419,Bullae Rupture with Bandage Contact Lens,8960.0,39
Ophthalmology,442,Intravitreal Antibiotics/Steroid,7840.0,40
Ophthalmology,446,Intravitreal Triamcinolone,7840.0,40
Ophthalmology,442,Intravitreal Antibiotics/Steroid,7840.0,40
Ophthalmology,446,Intravitreal Triamcinolone,7840.0,40
Ophthalmology,458,OCT Angiography,7840.0,41
Ophthalmology,458,OCT Angiography,7840.0,41
Ophthalmology,416,Biometry,3360.0,39
Ophthalmology,427,Corneal Tomo/Topography,3360.0,39
Ophthalmology,416,Biometry,3360.0,39
Ophthalmology,427,Corneal Tomo/Topography,3360.0,39
Ophthalmology,459,OCT Anterior,3360.0,41
Ophthalmology,460,OCT Posterior,3360.0,41
Ophthalmology,465,Photodocumentation,3360.0,41
Ophthalmology,459,OCT Anterior,3360.0,41
Ophthalmology,460,OCT Posterior,3360.0,41
Ophthalmology,465,Photodocumentation,3360.0,41
Ophthalmology,483,Specular Microscopy,3360.0,42
Ophthalmology,491,Ultrasound Biomicrcopy (UBM),3360.0,42
Ophthalmology,483,Specular Microscopy,3360.0,42
Ophthalmology,491,Ultrasound Biomicrcopy (UBM),3360.0,42
Ophthalmology,408,A/B Scan,2240.0,38
Ophthalmology,408,A/B Scan,2240.0,38
Orthopedic,555,Total hipreplacement (THR) (Including implants),336000.0,45
Orthopedic,556,Total knee replacement (TKR) (Including implants),336000.0,45
Orthopedic,555,Total hipreplacement (THR) (Including implants),336000.0,45
Orthopedic,556,Total knee replacement (TKR) (Including implants),336000.0,45
Orthopedic,546,Scoliosis correction,291200.0,45
Orthopedic,546,Scoliosis correction,291200.0,45
Orthopedic,495,ACL/PCL repair,280000.0,42
Orthopedic,495,ACL/PCL repair,280000.0,42
Orthopedic,499,Arthroscopic Bankart repair,280000.0,43
Orthopedic,499,Arthroscopic Bankart repair,280000.0,43
Orthopedic,527,Meniscus repair,280000.0,44
Orthopedic,527,Meniscus repair,280000.0,44
Orthopedic,544,Revision of Total Hip or Knee (Including implants),280000.0,45
Orthopedic,545,Rotator cuff repair,280000.0,45
Orthopedic,544,Revision of Total Hip or Knee (Including implants),280000.0,45
Orthopedic,545,Rotator cuff repair,280000.0,45
Orthopedic,498,Arthrodesis vertebral joints,224000.0,43
Orthopedic,498,Arthrodesis vertebral joints,224000.0,43
Orthopedic,535,Open reduction and internal fixation: Pelvis,224000.0,44
Orthopedic,535,Open reduction and internal fixation: Pelvis,224000.0,44
Orthopedic,548,Subacromial decompression,201600.0,45
Orthopedic,548,Subacromial decompression,201600.0,45
Orthopedic,496,Angle plating fracture neck of femur,168000.0,43
Orthopedic,497,"Arthrodesis Hip, Knee, Ankle or Elbow with implants",168000.0,43
Orthopedic,500,Arthroscopic Synovectomy,168000.0,43
Orthopedic,507,Chondroplasty,168000.0,43
Orthopedic,496,Angle plating fracture neck of femur,168000.0,43
Orthopedic,497,"Arthrodesis Hip, Knee, Ankle or Elbow with implants",168000.0,43
Orthopedic,500,Arthroscopic Synovectomy,168000.0,43
Orthopedic,507,Chondroplasty,168000.0,43
Orthopedic,517,Extra articular repair of joint ligament and implants,168000.0,44
Orthopedic,519,Femoral epiphysis reduction / fixation (SUFE)with implants,168000.0,44
Orthopedic,517,Extra articular repair of joint ligament and implants,168000.0,44
Orthopedic,519,Femoral epiphysis reduction / fixation (SUFE)with implants,168000.0,44
Orthopedic,521,Ilizarov procedure,168000.0,44
Orthopedic,514,Excision of intervertebral disc,145600.0,43
Orthopedic,516,External clamp application and Debridement,145600.0,43
Orthopedic,514,Excision of intervertebral disc,145600.0,43
Orthopedic,516,External clamp application and Debridement,145600.0,43
Orthopedic,523,Intra articular Surgery (large joints),145600.0,44
Orthopedic,524,Intra articular Surgery (medium joints),145600.0,44
Orthopedic,525,Intra articular Surgery (small joints),145600.0,44
Orthopedic,532,Open reduction and internal fixation: Clavicle,145600.0,44
Orthopedic,533,Open reduction and internal fixation: Femur,145600.0,44
Orthopedic,534,Open reduction and internal fixation: Humerus,145600.0,44
Orthopedic,536,Open reduction and internal fixation: Radius / Ulna,145600.0,44
Orthopedic,523,Intra articular Surgery (large joints),145600.0,44
Orthopedic,524,Intra articular Surgery (medium joints),145600.0,44
Orthopedic,525,Intra articular Surgery (small joints),145600.0,44
Orthopedic,532,Open reduction and internal fixation: Clavicle,145600.0,44
Orthopedic,533,Open reduction and internal fixation: Femur,145600.0,44
Orthopedic,534,Open reduction and internal fixation: Humerus,145600.0,44
Orthopedic,536,Open reduction and internal fixation: Radius / Ulna,145600.0,44
Orthopedic,551,Tendon repair (others),145600.0,45
Orthopedic,552,Tendon repair: Achiles tendon/Patella tendons/Quadriceps,145600.0,45
Orthopedic,553,Tendon transfer,145600.0,45
Orthopedic,557,Wedge tarsectomy,145600.0,45
Orthopedic,551,Tendon repair (others),145600.0,45
Orthopedic,552,Tendon repair: Achiles tendon/Patella tendons/Quadriceps,145600.0,45
Orthopedic,553,Tendon transfer,145600.0,45
Orthopedic,557,Wedge tarsectomy,145600.0,45
Orthopedic,506,Cervical rib resection,112000.0,43
Orthopedic,506,Cervical rib resection,112000.0,43
Orthopedic,501,Arthrotomy,89600.0,43
Orthopedic,504,Bone grafting,89600.0,43
Orthopedic,501,Arthrotomy,89600.0,43
Orthopedic,504,Bone grafting,89600.0,43
Orthopedic,539,Osteotomy and implants,89600.0,45
Orthopedic,541,Removal of hardware (plates & nails),89600.0,45
Orthopedic,547,Stabilisation of Patella,89600.0,45
Orthopedic,539,Osteotomy and implants,89600.0,45
Orthopedic,540,Puttiplatt procedure for shoulder dislocation / Weber Osteotomy,89600.0,45
Orthopedic,541,Removal of hardware (plates & nails),89600.0,45
Orthopedic,547,Stabilisation of Patella,89600.0,45
Orthopedic,538,Operative Arthroscopy with implants,80640.0,45
Orthopedic,538,Operative Arthroscopy with implants,80640.0,45
Orthopedic,493,Above elbow Amputation,67200.0,42
Orthopedic,494,Above knees Amputation,67200.0,42
Orthopedic,493,Above elbow Amputation,67200.0,42
Orthopedic,494,Above knees Amputation,67200.0,42
Orthopedic,502,Below elbow Amputation,67200.0,43
Orthopedic,503,Below knees Amputation,67200.0,43
Orthopedic,510,Excision head of fibula,67200.0,43
Orthopedic,511,Excision head of radius,67200.0,43
Orthopedic,515,Exploration of Osteomyelitis / sequestrectomy,67200.0,43
Orthopedic,502,Below elbow Amputation,67200.0,43
Orthopedic,503,Below knees Amputation,67200.0,43
Orthopedic,510,Excision head of fibula,67200.0,43
Orthopedic,511,Excision head of radius,67200.0,43
Orthopedic,515,Exploration of Osteomyelitis / sequestrectomy,67200.0,43
Orthopedic,528,Menisectomy,67200.0,44
Orthopedic,528,Menisectomy,67200.0,44
Orthopedic,505,Carpal tunnel decompression,56000.0,43
Orthopedic,505,Carpal tunnel decompression,56000.0,43
Orthopedic,529,Mild club foot correction,56000.0,44
Orthopedic,530,Moderate / severe club foot correction,56000.0,44
Orthopedic,537,Open Synovectomy,56000.0,44
Orthopedic,529,Mild club foot correction,56000.0,44
Orthopedic,530,Moderate / severe club foot correction,56000.0,44
Orthopedic,537,Open Synovectomy,56000.0,44
Orthopedic,509,Contracture release without flaps,44800.0,43
Orthopedic,513,Excision of calcaneal spurs,44800.0,43
Orthopedic,509,Contracture release without flaps,44800.0,43
Orthopedic,513,Excision of calcaneal spurs,44800.0,43
Orthopedic,518,Fasciectomy,44800.0,44
Orthopedic,520,Hallux valgus operation,44800.0,44
Orthopedic,531,Open bone biopsy,44800.0,44
Orthopedic,518,Fasciectomy,44800.0,44
Orthopedic,520,Hallux valgus operation,44800.0,44
Orthopedic,531,Open bone biopsy,44800.0,44
Orthopedic,549,Syndactyly / polydactyly correction,44800.0,45
Orthopedic,549,Syndactyly / polydactyly correction,44800.0,45
Orthopedic,550,Synovectomy: Small joints,33600.0,45
Orthopedic,554,Toes and fingers Disarticulation,33600.0,45
Orthopedic,550,Synovectomy: Small joints,33600.0,45
Orthopedic,554,Toes and fingers Disarticulation,33600.0,45
Orthopedic,522,Insertion of Steinmann pin,22400.0,44
Orthopedic,522,Insertion of Steinmann pin,22400.0,44
Orthopedic,542,Removal of hardware (wires),22400.0,45
Orthopedic,543,Removal of Steinmann pin,22400.0,45
Orthopedic,542,Removal of hardware (wires),22400.0,45
Orthopedic,543,Removal of Steinmann pin,22400.0,45
Orthopedic,508,Closed manipulation of dislocations/fractures under GA,16800.0,43
Orthopedic,508,Closed manipulation of dislocations/fractures under GA,16800.0,43
Orthopedic,512,Excision of Bunion (simple and bilateral under GA),11200.0,43
Orthopedic,512,Excision of Bunion (simple and bilateral under GA),11200.0,43
Orthopedic,526,Joint aspirations under GA,8960.0,44
Orthopedic,526,Joint aspirations under GA,8960.0,44
Pediatric,565,Laparotomy: Tumours,168000.0,46
Pediatric,565,Laparotomy: Tumours,168000.0,46
Pediatric,558,"Hirschsprung's disease procedure a) Laparotomy, biopsy, colostomy",134400.0,45
Pediatric,563,Laparotomy: Intestinal resection + anastomasis,134400.0,46
Pediatric,564,Laparotomy: Intussusception,134400.0,46
Pediatric,566,Laparotomy: Volvulus,134400.0,46
Pediatric,567,Rectosigmoidectomy,134400.0,46
Pediatric,569,Urethroplasty for hypospadies and epispadies,134400.0,46
Pediatric,563,Laparotomy: Intestinal resection + anastomasis,134400.0,46
Pediatric,564,Laparotomy: Intussusception,134400.0,46
Pediatric,566,Laparotomy: Volvulus,134400.0,46
Pediatric,567,Rectosigmoidectomy,134400.0,46
Pediatric,569,Urethroplasty for hypospadies and epispadies,134400.0,46
Pediatric,568,Resection of posterior / anterior urethral valves,89600.0,46
Pediatric,568,Resection of posterior / anterior urethral valves,89600.0,46
Pediatric,561,Insertion of CAPD catheter,33600.0,46
Pediatric,562,Insertion of underwater seal drainage (Paediatric under GA),33600.0,46
Pediatric,561,Insertion of CAPD catheter,33600.0,46
Pediatric,562,Insertion of underwater seal drainage (Paediatric under GA),33600.0,46
Plastic,576,"Posterior Sagittal Anorectalplasty (PSARP) for anorectal malformation (High
ARM)",201600.0,46
Plastic,574,Insertion of tissue expander,168000.0,46
Plastic,574,Insertion of tissue expander,168000.0,46
Plastic,578,Reduction Mammoplasty (bilateral),168000.0,47
Plastic,578,Reduction Mammoplasty (bilateral),168000.0,47
Plastic,577,"Posterior Sagittal Anorectalplasty (PSARP) for anorectal malformation (Low
ARM)",134400.0,47
Plastic,570,Advancement flaps (CANCERS/TRAUMA),112000.0,46
Plastic,571,Cleft lip and palate repair (Unilateral/Bilateral),112000.0,46
Plastic,570,Advancement flaps (CANCERS/TRAUMA),112000.0,46
Plastic,571,Cleft lip and palate repair (Unilateral/Bilateral),112000.0,46
Plastic,580,Rotation flaps,112000.0,47
Plastic,580,Rotation flaps,112000.0,47
Plastic,573,Cleft palate repair,89600.0,46
Plastic,575,Lip reconstruction (ONLY for RTA and Tumors),89600.0,46
Plastic,573,Cleft palate repair,89600.0,46
Plastic,575,Lip reconstruction (ONLY for RTA and Tumors),89600.0,46
Plastic,582,Skin graft > 10% TBSA,89600.0,47
Plastic,582,Skin graft > 10% TBSA,89600.0,47
Plastic,572,Cleft lip repair (Unilateral/Bilateral),56000.0,46
Plastic,572,Cleft lip repair (Unilateral/Bilateral),56000.0,46
Plastic,581,Skin graft <10 % TBSA,44800.0,47
Plastic,581,Skin graft <10 % TBSA,44800.0,47
Plastic,579,Removal of tissue expander,33600.0,47
Plastic,579,Removal of tissue expander,33600.0,47
Urological,622,Insertion of artificial urethral sphincter,1200000.0,49
Urological,657,Open radical nephrectomy with IVC thrombectomy,850000.0,50
Urological,657,Open radical nephrectomy with IVC thrombectomy,850000.0,50
Urological,688,Radical cystoprostatectomy and ileal conduit INC ICU stay,850000.0,52
Urological,688,Radical cystoprostatectomy and ileal conduit INC ICU stay,850000.0,52
Urological,692,Recipient kidney transplantation,800000.0,52
Urological,692,Recipient kidney transplantation,800000.0,52
Urological,585,Anterior exenteration and ileal conduit,550000.0,47
Urological,585,Anterior exenteration and ileal conduit,550000.0,47
Urological,702,Retroperitoneal lymph node dissection,500000.0,53
Urological,702,Retroperitoneal lymph node dissection,500000.0,53
Urological,693,Repair of bladder extrophy,490000.0,52
Urological,693,Repair of bladder extrophy,490000.0,52
Urological,588,Bilateral modified inguinal node dissection,450000.0,47
Urological,588,Bilateral modified inguinal node dissection,450000.0,47
Urological,690,Radical penectomy with perineal urethrostomy,450000.0,52
Urological,690,Radical penectomy with perineal urethrostomy,450000.0,52
Urological,714,Total penectomy with perineal urethrostomy,450000.0,53
Urological,714,Total penectomy with perineal urethrostomy,450000.0,53
Urological,600,Creation of instestinal continent catherizable pouch,424000.0,48
Urological,600,Creation of instestinal continent catherizable pouch,424000.0,48
Urological,666,Orthotopic neobladder reconstruction,424000.0,51
Urological,666,Orthotopic neobladder reconstruction,424000.0,51
Urological,603,Epispadia urethroplasty,420000.0,48
Urological,603,Epispadia urethroplasty,420000.0,48
Urological,670,Pelvic fracture urethral defect (PFUD) urethroplasty,398000.0,51
Urological,670,Pelvic fracture urethral defect (PFUD) urethroplasty,398000.0,51
Urological,604,Excision and graft peyronies repair,396000.0,48
Urological,604,Excision and graft peyronies repair,396000.0,48
Urological,590,Bilateral radical inguinal node dissection,385000.0,47
Urological,590,Bilateral radical inguinal node dissection,385000.0,47
Urological,691,Radical urethrectomy,375000.0,52
Urological,691,Radical urethrectomy,375000.0,52
Urological,722,Ureterolysis,345000.0,53
Urological,722,Ureterolysis,345000.0,53
Urological,674,Percutaneous nephrolithotomy (PCNL),336000.0,51
Urological,674,Percutaneous nephrolithotomy (PCNL),336000.0,51
Urological,593,Bladder augmentation surgery,325000.0,47
Urological,593,Bladder augmentation surgery,325000.0,47
Urological,630,Laparoscopic partial nephrectomy,325000.0,49
Urological,630,Laparoscopic partial nephrectomy,325000.0,49
Urological,653,Open partial nephrectomy,325000.0,50
Urological,658,Open radical nephroureterectomy with bladder cuff,325000.0,50
Urological,653,Open partial nephrectomy,325000.0,50
Urological,658,Open radical nephroureterectomy with bladder cuff,325000.0,50
Urological,607,Female urethral diverticulectomy,320000.0,48
Urological,607,Female urethral diverticulectomy,320000.0,48
Urological,623,Insertion of female urethral sling,300000.0,49
Urological,623,Insertion of female urethral sling,300000.0,49
Urological,595,Bladder diverticulectomy,295000.0,47
Urological,595,Bladder diverticulectomy,295000.0,47
Urological,646,Mitrofanoff's appendicovesicostomy,295000.0,50
Urological,646,Mitrofanoff's appendicovesicostomy,295000.0,50
Urological,676,Percutaneous prograde JJ stenting,295000.0,51
Urological,677,Percutaneous prograde nephrostogram,295000.0,51
Urological,678,Percutaneous removal of retained JJ stent,295000.0,51
Urological,679,Percutaneous resection and ablation of urothelial tumors,295000.0,51
Urological,676,Percutaneous prograde JJ stenting,295000.0,51
Urological,677,Percutaneous prograde nephrostogram,295000.0,51
Urological,678,Percutaneous removal of retained JJ stent,295000.0,51
Urological,679,Percutaneous resection and ablation of urothelial tumors,295000.0,51
Urological,685,Posterior urethral valve ablation,295000.0,52
Urological,697,Repair of ligated ureter,295000.0,52
Urological,699,Repair of ureter injury,295000.0,52
Urological,685,Posterior urethral valve ablation,295000.0,52
Urological,697,Repair of ligated ureter,295000.0,52
Urological,699,Repair of ureter injury,295000.0,52
Urological,710,Simple cystectomy and ileal conduit,295000.0,53
Urological,710,Simple cystectomy and ileal conduit,295000.0,53
Urological,707,Semi rigid ureteroscopy and removal of retained JJ stent,290000.0,53
Urological,707,Semi rigid ureteroscopy and removal of retained JJ stent,290000.0,53
Urological,616,Graft urethroplasty,280000.0,48
Urological,616,Graft urethroplasty,280000.0,48
Urological,619,Ileal replacement of ureter,280000.0,49
Urological,633,Laparoscopic radical nephrectomy,280000.0,49
Urological,619,Ileal replacement of ureter,280000.0,49
Urological,633,Laparoscopic radical nephrectomy,280000.0,49
Urological,652,Open nephrolithotomy,280000.0,50
Urological,656,Open radical nephrectomy,280000.0,50
Urological,652,Open nephrolithotomy,280000.0,50
Urological,656,Open radical nephrectomy,280000.0,50
Urological,662,Open simple prostatectomy,280000.0,51
Urological,671,Percutaneous ablation of renal cyst,280000.0,51
Urological,672,Percutaneous cystolithotripsy,280000.0,51
Urological,662,Open simple prostatectomy,280000.0,51
Urological,671,Percutaneous ablation of renal cyst,280000.0,51
Urological,672,Percutaneous cystolithotripsy,280000.0,51
Urological,682,Perineal urethrostomy,280000.0,52
Urological,695,Repair of cystocele with mesh,280000.0,52
Urological,682,Perineal urethrostomy,280000.0,52
Urological,695,Repair of cystocele with mesh,280000.0,52
Urological,719,Unilateral radical inguinal node dissection,280000.0,53
Urological,720,Ureter reimplantation,280000.0,53
Urological,719,Unilateral radical inguinal node dissection,280000.0,53
Urological,720,Ureter reimplantation,280000.0,53
Urological,724,Ureteroscopy and laser incision of ureter stricture,280000.0,54
Urological,728,Vesicostomy,280000.0,54
Urological,724,Ureteroscopy and laser incision of ureter stricture,280000.0,54
Urological,728,Vesicostomy,280000.0,54
Urological,638,Laparoscopic ureterolithotomy,275000.0,49
Urological,638,Laparoscopic ureterolithotomy,275000.0,49
Urological,664,Open ureterolithotomy,275000.0,51
Urological,664,Open ureterolithotomy,275000.0,51
Urological,601,Cutaneous ureterostomy,270000.0,48
Urological,601,Cutaneous ureterostomy,270000.0,48
Urological,718,Unilateral modified inguinal node dissection,270000.0,53
Urological,718,Unilateral modified inguinal node dissection,270000.0,53
Urological,598,Bricker's ileal conduit,268800.0,48
Urological,598,Bricker's ileal conduit,268800.0,48
Urological,606,Excision of patent urachus,250000.0,48
Urological,606,Excision of patent urachus,250000.0,48
Urological,626,Laparoscopic ablation of renal cyst,250000.0,49
Urological,636,Laparoscopic radical prostatectomy,250000.0,49
Urological,626,Laparoscopic ablation of renal cyst,250000.0,49
Urological,636,Laparoscopic radical prostatectomy,250000.0,49
Urological,649,Open decortication of renal cyst,250000.0,50
Urological,659,Open radical prostatectomy,250000.0,50
Urological,649,Open decortication of renal cyst,250000.0,50
Urological,659,Open radical prostatectomy,250000.0,50
Urological,687,Proximal shunt of priapism,250000.0,52
Urological,687,Proximal shunt of priapism,250000.0,52
Urological,704,Robotic radical prostatectomy,250000.0,53
Urological,704,Robotic radical prostatectomy,250000.0,53
Urological,696,Repair of fracture penis,246400.0,52
Urological,696,Repair of fracture penis,246400.0,52
Urological,683,Plication Peyronie's repair,245000.0,52
Urological,683,Plication Peyronie's repair,245000.0,52
Urological,584,Anatrophic nephrolithotomy,243000.0,47
Urological,584,Anatrophic nephrolithotomy,243000.0,47
Urological,640,Laser cystolithotripsy,234000.0,50
Urological,648,Open cystolithotomy,234000.0,50
Urological,640,Laser cystolithotripsy,234000.0,50
Urological,648,Open cystolithotomy,234000.0,50
Urological,643,Mainz II urinary diversion,224000.0,50
Urological,643,Mainz II urinary diversion,224000.0,50
Urological,667,Partial cystectomy,223000.0,51
Urological,667,Partial cystectomy,223000.0,51
Urological,618,Hypospadia urethroplasty,202000.0,49
Urological,618,Hypospadia urethroplasty,202000.0,49
Urological,611,Flexible ureterorenoscopy and laser ablation of ureteric or renal neoplasm,201600.0,48
Urological,612,Flexible ureterorenoscopy and laser lithotripsy,201600.0,48
Urological,611,Flexible ureterorenoscopy and laser ablation of ureteric or renal neoplasm,201600.0,48
Urological,612,Flexible ureterorenoscopy and laser lithotripsy,201600.0,48
Urological,628,Laparoscopic donor nephrectomy,200000.0,49
Urological,628,Laparoscopic donor nephrectomy,200000.0,49
Urological,650,Open donor nephrectomy,200000.0,50
Urological,650,Open donor nephrectomy,200000.0,50
Urological,605,Excision of epididymal cyst,195000.0,48
Urological,605,Excision of epididymal cyst,195000.0,48
Urological,608,Femoral hernia repair,180000.0,48
Urological,615,Fournier's gangrene necrosectomy,180000.0,48
Urological,608,Femoral hernia repair,180000.0,48
Urological,615,Fournier's gangrene necrosectomy,180000.0,48
Urological,727,Urethroscopy and ablation of bleeding prostatic hemangioma,180000.0,54
Urological,727,Urethroscopy and ablation of bleeding prostatic hemangioma,180000.0,54
Urological,709,Sentinel inguinal node biopsy,175000.0,53
Urological,709,Sentinel inguinal node biopsy,175000.0,53
Urological,591,Bipolar fulgration of genital and perineal warts,170000.0,47
Urological,591,Bipolar fulgration of genital and perineal warts,170000.0,47
Urological,627,Laparoscopic adrenalectomy,168000.0,49
Urological,631,Laparoscopic pyelolithotomy,168000.0,49
Urological,627,Laparoscopic adrenalectomy,168000.0,49
Urological,631,Laparoscopic pyelolithotomy,168000.0,49
Urological,641,Laser urethrolithotripsy,168000.0,50
Urological,647,Open adrenalectomy,168000.0,50
Urological,654,Open pyelolithotomy,168000.0,50
Urological,641,Laser urethrolithotripsy,168000.0,50
Urological,647,Open adrenalectomy,168000.0,50
Urological,654,Open pyelolithotomy,168000.0,50
Urological,669,Partial penectomy,168000.0,51
Urological,669,Partial penectomy,168000.0,51
Urological,706,Semi rigid ureteroscopy and laser ureterolithotripsy,168000.0,53
Urological,711,Simple nephrectomy,168000.0,53
Urological,715,Trasurethral resection of prostate (TURP),168000.0,53
Urological,716,Trauma nephrectomy,168000.0,53
Urological,706,Semi rigid ureteroscopy and laser ureterolithotripsy,168000.0,53
Urological,711,Simple nephrectomy,168000.0,53
Urological,715,Trasurethral resection of prostate (TURP),168000.0,53
Urological,716,Trauma nephrectomy,168000.0,53
Urological,723,Ureteroscopy and laser ablation of ureteric tumor,168000.0,54
Urological,723,Ureteroscopy and laser ablation of ureteric tumor,168000.0,54
Urological,632,Laparoscopic pyeloplasty,145600.0,49
Urological,634,Laparoscopic radical nephroureterectomy,145600.0,49
Urological,637,Laparoscopic simple nephrectomy,145600.0,49
Urological,632,Laparoscopic pyeloplasty,145600.0,49
Urological,634,Laparoscopic radical nephroureterectomy,145600.0,49
Urological,637,Laparoscopic simple nephrectomy,145600.0,49
Urological,655,Open pyeloplasty,145600.0,50
Urological,655,Open pyeloplasty,145600.0,50
Urological,660,Open Renorrhaphy,145600.0,51
Urological,661,Open simple nephroureterectomy,145600.0,51
Urological,660,Open Renorrhaphy,145600.0,51
Urological,661,Open simple nephroureterectomy,145600.0,51
Urological,675,Percutaneous nephrostomy,143360.0,51
Urological,675,Percutaneous nephrostomy,143360.0,51
Urological,635,Laparoscopic radical ochidectomy,134400.0,49
Urological,635,Laparoscopic radical ochidectomy,134400.0,49
Urological,689,Radical inguinal ochidectomy,134400.0,52
Urological,689,Radical inguinal ochidectomy,134400.0,52
Urological,725,Ureteroureterostomy,134400.0,54
Urological,725,Ureteroureterostomy,134400.0,54
Urological,613,Flexible ureteroscopy,120000.0,48
Urological,613,Flexible ureteroscopy,120000.0,48
Urological,668,Partial glansectomy,120000.0,51
Urological,668,Partial glansectomy,120000.0,51
Urological,583,Anastomotic urethroplasty,112000.0,47
Urological,583,Anastomotic urethroplasty,112000.0,47
Urological,694,Repair of colovesical fistula,112000.0,52
Urological,700,Repair of urethral injury,112000.0,52
Urological,694,Repair of colovesical fistula,112000.0,52
Urological,700,Repair of urethral injury,112000.0,52
Urological,708,Semirigid ureteroscopy,110000.0,53
Urological,708,Semirigid ureteroscopy,110000.0,53
Urological,592,Bipolar fulgration of urethral warts,97000.0,47
Urological,592,Bipolar fulgration of urethral warts,97000.0,47
Urological,705,Scrotal exploration and ochidopexy of testicular torsion,95000.0,53
Urological,705,Scrotal exploration and ochidopexy of testicular torsion,95000.0,53
Urological,721,Ureteral dilation,90000.0,53
Urological,721,Ureteral dilation,90000.0,53
Urological,596,Bladder injury repair,89600.0,47
Urological,596,Bladder injury repair,89600.0,47
Urological,651,Open drainage of renal abscess,89600.0,50
Urological,651,Open drainage of renal abscess,89600.0,50
Urological,673,Percutaneous drainage of renal abscess,89600.0,51
Urological,673,Percutaneous drainage of renal abscess,89600.0,51
Urological,698,Repair of penile injury,89600.0,52
Urological,698,Repair of penile injury,89600.0,52
Urological,684,Post circumcision repair,80000.0,52
Urological,684,Post circumcision repair,80000.0,52
Urological,617,Hydrocelectomy,75000.0,48
Urological,617,Hydrocelectomy,75000.0,48
Urological,614,Flexible urethrocystoscopy,70000.0,48
Urological,614,Flexible urethrocystoscopy,70000.0,48
Urological,602,Direct visual urethrotomy,56000.0,48
Urological,602,Direct visual urethrotomy,56000.0,48
Urological,620,Inguinal hernia repair,56000.0,49
Urological,625,JJ stent placement,56000.0,49
Urological,629,Laparoscopic ochidopexy,56000.0,49
Urological,620,Inguinal hernia repair,56000.0,49
Urological,625,JJ stent placement,56000.0,49
Urological,629,Laparoscopic ochidopexy,56000.0,49
Urological,639,Laparoscopic varicocelectomy,56000.0,50
Urological,642,Laser urethrotomy,56000.0,50
Urological,639,Laparoscopic varicocelectomy,56000.0,50
Urological,642,Laser urethrotomy,56000.0,50
Urological,665,Open varicocelectomy,56000.0,51
Urological,665,Open varicocelectomy,56000.0,51
Urological,624,Intravesical instillation of chemotherapy for bladder cancer,45000.0,49
Urological,624,Intravesical instillation of chemotherapy for bladder cancer,45000.0,49
Urological,589,Bilateral ochidectomy,44800.0,47
Urological,589,Bilateral ochidectomy,44800.0,47
Urological,621,Inguinal ochidopexy,44800.0,49
Urological,621,Inguinal ochidopexy,44800.0,49
Urological,644,Meatoplasty,44800.0,50
Urological,644,Meatoplasty,44800.0,50
Urological,712,Simple ochidectomy,44800.0,53
Urological,712,Simple ochidectomy,44800.0,53
Urological,609,Flexible cystoscopy and removal of JJ stent,35000.0,48
Urological,609,Flexible cystoscopy and removal of JJ stent,35000.0,48
Urological,610,Flexible cystoscopy and surveillance for bladder cancer,33600.0,48
Urological,610,Flexible cystoscopy and surveillance for bladder cancer,33600.0,48
Urological,703,Rigid Cystoscopy and Removal of JJ stent,33600.0,53
Urological,703,Rigid Cystoscopy and Removal of JJ stent,33600.0,53
Urological,726,Urethral dilation,33600.0,54
Urological,726,Urethral dilation,33600.0,54
Urological,597,Bladder washout,30000.0,48
Urological,597,Bladder washout,30000.0,48
Urological,717,Ultrasound guided biopsy of renal masses,22400.0,53
Urological,717,Ultrasound guided biopsy of renal masses,22400.0,53
Urological,594,Bladder biopsy,16800.0,47
Urological,594,Bladder biopsy,16800.0,47
Urological,686,Prostate biopsy,16800.0,52
Urological,686,Prostate biopsy,16800.0,52
Urological,713,Testicular/penile biopsy,16800.0,53
Urological,713,Testicular/penile biopsy,16800.0,53
Urological,587,Aspiration of hydrocele,10000.0,47
Urological,587,Aspiration of hydrocele,10000.0,47
Urological,663,Open suprapubic catheterization,8960.0,51
Urological,680,Percutaneous suprapubic catheterization,8960.0,51
Urological,663,Open suprapubic catheterization,8960.0,51
Urological,680,Percutaneous suprapubic catheterization,8960.0,51
Urological,701,Retrograde pyelography,7500.0,52
Urological,701,Retrograde pyelography,7500.0,52
Urological,599,Combined ascending and descending urethrography,7000.0,48
Urological,599,Combined ascending and descending urethrography,7000.0,48
Urological,681,Pericatheter urethrography,6500.0,52
Urological,681,Pericatheter urethrography,6500.0,52
Urological,586,Ascending urethrography,6000.0,47
Urological,586,Ascending urethrography,6000.0,47
Urological,645,Micturating cystourethrography,6000.0,50
Urological,645,Micturating cystourethrography,6000.0,50
Urological,622,Insertion of artificial urethral sphincter,1200.0,49
